index,Mouse ID,Drug Regimen,Sex,Age_months,Weight (g),Timepoint_x,Tumor Volume (mm3),Metastatic Sites,Timepoint_y
1,k403,Ramicane,Male,21,16,0,45,0,45
2,k403,Ramicane,Male,21,16,5,38.82589807,0,45
3,k403,Ramicane,Male,21,16,10,35.01427146,1,45
4,k403,Ramicane,Male,21,16,15,34.22399174,1,45
5,k403,Ramicane,Male,21,16,20,32.99772858,1,45
6,k403,Ramicane,Male,21,16,25,33.46457735,1,45
7,k403,Ramicane,Male,21,16,30,31.09949753,1,45
8,k403,Ramicane,Male,21,16,35,26.54699343,1,45
9,k403,Ramicane,Male,21,16,40,24.36550471,1,45
10,k403,Ramicane,Male,21,16,45,22.05012627,1,45
11,s185,Capomulin,Female,3,17,0,45,0,45
12,s185,Capomulin,Female,3,17,5,43.87849569,0,45
13,s185,Capomulin,Female,3,17,10,37.61494768,0,45
14,s185,Capomulin,Female,3,17,15,38.17723195,0,45
15,s185,Capomulin,Female,3,17,20,36.86687576,0,45
16,s185,Capomulin,Female,3,17,25,33.94994037,0,45
17,s185,Capomulin,Female,3,17,30,32.95967078,1,45
18,s185,Capomulin,Female,3,17,35,28.32853059,1,45
19,s185,Capomulin,Female,3,17,40,25.47214326,1,45
20,s185,Capomulin,Female,3,17,45,23.34359787,1,45
21,x401,Capomulin,Female,16,15,0,45,0,45
22,x401,Capomulin,Female,16,15,5,45.47375302,0,45
23,x401,Capomulin,Female,16,15,10,39.11389068,0,45
24,x401,Capomulin,Female,16,15,15,39.77625003,0,45
25,x401,Capomulin,Female,16,15,20,36.06583471,0,45
26,x401,Capomulin,Female,16,15,25,36.61712031,0,45
27,x401,Capomulin,Female,16,15,30,32.91529186,0,45
28,x401,Capomulin,Female,16,15,35,30.20682488,0,45
29,x401,Capomulin,Female,16,15,40,28.16739732,0,45
30,x401,Capomulin,Female,16,15,45,28.48403281,0,45
31,m601,Capomulin,Male,22,17,0,45,0,45
32,m601,Capomulin,Male,22,17,5,41.40859145,1,45
33,m601,Capomulin,Male,22,17,10,36.82536664,1,45
34,m601,Capomulin,Male,22,17,15,35.46461175,1,45
35,m601,Capomulin,Male,22,17,20,34.2557317,1,45
36,m601,Capomulin,Male,22,17,25,33.11875607,1,45
37,m601,Capomulin,Male,22,17,30,31.75827491,1,45
38,m601,Capomulin,Male,22,17,35,30.83435704,1,45
39,m601,Capomulin,Male,22,17,40,31.3780453,1,45
40,m601,Capomulin,Male,22,17,45,28.43096411,1,45
41,g791,Ramicane,Male,11,16,0,45,0,45
42,g791,Ramicane,Male,11,16,5,45.85153062,0,45
43,g791,Ramicane,Male,11,16,10,40.17055848,0,45
44,g791,Ramicane,Male,11,16,15,40.67812852,0,45
45,g791,Ramicane,Male,11,16,20,41.211897,0,45
46,g791,Ramicane,Male,11,16,25,35.56939935,1,45
47,g791,Ramicane,Male,11,16,30,34.95258284,1,45
48,g791,Ramicane,Male,11,16,35,30.96039194,1,45
49,g791,Ramicane,Male,11,16,40,31.36940573,1,45
50,g791,Ramicane,Male,11,16,45,29.12847181,1,45
51,s508,Ramicane,Male,1,17,0,45,0,45
52,s508,Ramicane,Male,1,17,5,38.71187185,0,45
53,s508,Ramicane,Male,1,17,10,34.8509979,0,45
54,s508,Ramicane,Male,1,17,15,35.27690634,0,45
55,s508,Ramicane,Male,1,17,20,35.92865083,0,45
56,s508,Ramicane,Male,1,17,25,36.33856894,0,45
57,s508,Ramicane,Male,1,17,30,35.47402235,0,45
58,s508,Ramicane,Male,1,17,35,35.8461407,0,45
59,s508,Ramicane,Male,1,17,40,32.79817119,0,45
60,s508,Ramicane,Male,1,17,45,30.27623175,0,45
61,f966,Capomulin,Male,16,17,0,45,0,20
62,f966,Capomulin,Male,16,17,5,38.79647373,0,20
63,f966,Capomulin,Male,16,17,10,35.6244027,0,20
64,f966,Capomulin,Male,16,17,15,32.62300253,0,20
65,f966,Capomulin,Male,16,17,20,30.48598484,0,20
66,m546,Ramicane,Male,18,16,0,45,0,45
67,m546,Ramicane,Male,18,16,5,42.99887638,0,45
68,m546,Ramicane,Male,18,16,10,43.74822357,0,45
69,m546,Ramicane,Male,18,16,15,39.89743533,0,45
70,m546,Ramicane,Male,18,16,20,36.71229535,0,45
71,m546,Ramicane,Male,18,16,25,37.44444543,0,45
72,m546,Ramicane,Male,18,16,30,37.96993365,0,45
73,m546,Ramicane,Male,18,16,35,38.62753581,1,45
74,m546,Ramicane,Male,18,16,40,35.1145752,1,45
75,m546,Ramicane,Male,18,16,45,30.56462509,1,45
76,z578,Ramicane,Male,11,16,0,45,0,45
77,z578,Ramicane,Male,11,16,5,42.18878662,0,45
78,z578,Ramicane,Male,11,16,10,42.95211843,0,45
79,z578,Ramicane,Male,11,16,15,38.68851607,0,45
80,z578,Ramicane,Male,11,16,20,36.89001635,0,45
81,z578,Ramicane,Male,11,16,25,37.41411419,0,45
82,z578,Ramicane,Male,11,16,30,37.81593487,0,45
83,z578,Ramicane,Male,11,16,35,38.50482444,0,45
84,z578,Ramicane,Male,11,16,40,34.02209336,0,45
85,z578,Ramicane,Male,11,16,45,30.63869575,0,45
86,j913,Ramicane,Female,4,17,0,45,0,45
87,j913,Ramicane,Female,4,17,5,44.01490022,0,45
88,j913,Ramicane,Female,4,17,10,44.49716216,0,45
89,j913,Ramicane,Female,4,17,15,45.25253427,0,45
90,j913,Ramicane,Female,4,17,20,42.16834132,0,45
91,j913,Ramicane,Female,4,17,25,37.86066936,0,45
92,j913,Ramicane,Female,4,17,30,34.75724046,0,45
93,j913,Ramicane,Female,4,17,35,35.17014843,0,45
94,j913,Ramicane,Female,4,17,40,31.00186078,1,45
95,j913,Ramicane,Female,4,17,45,31.56046955,1,45
96,u364,Capomulin,Male,18,17,0,45,0,45
97,u364,Capomulin,Male,18,17,5,45.76088647,1,45
98,u364,Capomulin,Male,18,17,10,46.56841719,2,45
99,u364,Capomulin,Male,18,17,15,47.21219992,2,45
100,u364,Capomulin,Male,18,17,20,40.34394812,2,45
101,u364,Capomulin,Male,18,17,25,35.50361557,2,45
102,u364,Capomulin,Male,18,17,30,35.9783344,2,45
103,u364,Capomulin,Male,18,17,35,35.45948978,2,45
104,u364,Capomulin,Male,18,17,40,36.02413752,2,45
105,u364,Capomulin,Male,18,17,45,31.02392294,3,45
106,n364,Ramicane,Male,4,17,0,45,0,45
107,n364,Ramicane,Male,4,17,5,45.52187471,0,45
108,n364,Ramicane,Male,4,17,10,40.3751382,0,45
109,n364,Ramicane,Male,4,17,15,36.94027399,0,45
110,n364,Ramicane,Male,4,17,20,37.4788685,0,45
111,n364,Ramicane,Male,4,17,25,33.20500824,0,45
112,n364,Ramicane,Male,4,17,30,33.817758,0,45
113,n364,Ramicane,Male,4,17,35,34.48752204,1,45
114,n364,Ramicane,Male,4,17,40,34.95473311,1,45
115,n364,Ramicane,Male,4,17,45,31.09533505,1,45
116,y793,Capomulin,Male,17,17,0,45,0,45
117,y793,Capomulin,Male,17,17,5,41.01991315,0,45
118,y793,Capomulin,Male,17,17,10,41.63001026,1,45
119,y793,Capomulin,Male,17,17,15,42.28366512,1,45
120,y793,Capomulin,Male,17,17,20,40.71642815,2,45
121,y793,Capomulin,Male,17,17,25,38.9927339,2,45
122,y793,Capomulin,Male,17,17,30,35.72602314,2,45
123,y793,Capomulin,Male,17,17,35,36.3278696,2,45
124,y793,Capomulin,Male,17,17,40,31.47541076,2,45
125,y793,Capomulin,Male,17,17,45,31.8962384,2,45
126,r554,Capomulin,Female,8,17,0,45,0,45
127,r554,Capomulin,Female,8,17,5,45.78174579,1,45
128,r554,Capomulin,Female,8,17,10,39.0054935,2,45
129,r554,Capomulin,Female,8,17,15,35.46375763,2,45
130,r554,Capomulin,Female,8,17,20,36.01558858,2,45
131,r554,Capomulin,Female,8,17,25,33.89334515,3,45
132,r554,Capomulin,Female,8,17,30,32.68065459,3,45
133,r554,Capomulin,Female,8,17,35,33.06933705,3,45
134,r554,Capomulin,Female,8,17,40,31.80484133,3,45
135,r554,Capomulin,Female,8,17,45,32.37735684,3,45
136,m957,Capomulin,Female,3,19,0,45,0,45
137,m957,Capomulin,Female,3,19,5,45.62238149,1,45
138,m957,Capomulin,Female,3,19,10,46.4145177,1,45
139,m957,Capomulin,Female,3,19,15,39.80445341,1,45
140,m957,Capomulin,Female,3,19,20,38.90934919,1,45
141,m957,Capomulin,Female,3,19,25,37.69543154,1,45
142,m957,Capomulin,Female,3,19,30,38.21247939,1,45
143,m957,Capomulin,Female,3,19,35,32.56283914,1,45
144,m957,Capomulin,Female,3,19,40,32.94761484,1,45
145,m957,Capomulin,Female,3,19,45,33.32909778,1,45
146,c758,Ramicane,Male,9,17,0,45,0,45
147,c758,Ramicane,Male,9,17,5,45.5786783,0,45
148,c758,Ramicane,Male,9,17,10,46.28799223,0,45
149,c758,Ramicane,Male,9,17,15,46.94094512,1,45
150,c758,Ramicane,Male,9,17,20,43.1263114,1,45
151,c758,Ramicane,Male,9,17,25,43.6022673,1,45
152,c758,Ramicane,Male,9,17,30,44.11827028,1,45
153,c758,Ramicane,Male,9,17,35,37.80238546,1,45
154,c758,Ramicane,Male,9,17,40,32.83318858,1,45
155,c758,Ramicane,Male,9,17,45,33.39765251,1,45
156,t565,Capomulin,Female,20,17,0,45,0,45
157,t565,Capomulin,Female,20,17,5,45.8956472,0,45
158,t565,Capomulin,Female,20,17,10,46.74900552,0,45
159,t565,Capomulin,Female,20,17,15,44.44094861,0,45
160,t565,Capomulin,Female,20,17,20,39.0702138,0,45
161,t565,Capomulin,Female,20,17,25,37.34220976,0,45
162,t565,Capomulin,Female,20,17,30,32.86891617,0,45
163,t565,Capomulin,Female,20,17,35,33.51567063,0,45
164,t565,Capomulin,Female,20,17,40,33.94934131,0,45
165,t565,Capomulin,Female,20,17,45,34.45529799,0,45
166,a644,Ramicane,Female,7,17,0,45,0,45
167,a644,Ramicane,Female,7,17,5,45.55015754,0,45
168,a644,Ramicane,Female,7,17,10,46.38071258,0,45
169,a644,Ramicane,Female,7,17,15,46.91089166,0,45
170,a644,Ramicane,Female,7,17,20,45.86506461,0,45
171,a644,Ramicane,Female,7,17,25,41.48122408,0,45
172,a644,Ramicane,Female,7,17,30,37.21112063,0,45
173,a644,Ramicane,Female,7,17,35,35.12863083,0,45
174,a644,Ramicane,Female,7,17,40,35.77945086,0,45
175,a644,Ramicane,Female,7,17,45,32.97852192,1,45
176,i177,Ramicane,Male,10,18,0,45,0,45
177,i177,Ramicane,Male,10,18,5,44.06539783,0,45
178,i177,Ramicane,Male,10,18,10,41.02092924,0,45
179,i177,Ramicane,Male,10,18,15,40.33093479,0,45
180,i177,Ramicane,Male,10,18,20,35.34536136,0,45
181,i177,Ramicane,Male,10,18,25,34.0821803,1,45
182,i177,Ramicane,Male,10,18,30,34.71147302,1,45
183,i177,Ramicane,Male,10,18,35,35.1521662,1,45
184,i177,Ramicane,Male,10,18,40,35.55793279,2,45
185,i177,Ramicane,Male,10,18,45,33.56240217,3,45
186,j989,Ramicane,Male,8,19,0,45,0,45
187,j989,Ramicane,Male,8,19,5,45.62071835,1,45
188,j989,Ramicane,Male,8,19,10,46.34383237,1,45
189,j989,Ramicane,Male,8,19,15,41.12835439,1,45
190,j989,Ramicane,Male,8,19,20,41.63534426,1,45
191,j989,Ramicane,Male,8,19,25,39.93411249,1,45
192,j989,Ramicane,Male,8,19,30,34.67178107,1,45
193,j989,Ramicane,Male,8,19,35,35.1155898,1,45
194,j989,Ramicane,Male,8,19,40,35.50119014,1,45
195,j989,Ramicane,Male,8,19,45,36.13485243,1,45
196,i738,Capomulin,Female,23,20,0,45,0,45
197,i738,Capomulin,Female,23,20,5,45.59568527,0,45
198,i738,Capomulin,Female,23,20,10,43.42101414,0,45
199,i738,Capomulin,Female,23,20,15,37.97877782,0,45
200,i738,Capomulin,Female,23,20,20,38.53113634,0,45
201,i738,Capomulin,Female,23,20,25,34.97343761,0,45
202,i738,Capomulin,Female,23,20,30,35.57877987,1,45
203,i738,Capomulin,Female,23,20,35,36.17595269,1,45
204,i738,Capomulin,Female,23,20,40,36.84389799,2,45
205,i738,Capomulin,Female,23,20,45,37.31184577,2,45
206,a520,Ramicane,Male,13,21,0,45,0,45
207,a520,Ramicane,Male,13,21,5,38.72370695,0,45
208,a520,Ramicane,Male,13,21,10,36.42938781,0,45
209,a520,Ramicane,Male,13,21,15,35.590254,0,45
210,a520,Ramicane,Male,13,21,20,35.94774514,0,45
211,a520,Ramicane,Male,13,21,25,36.55858129,1,45
212,a520,Ramicane,Male,13,21,30,36.94770981,1,45
213,a520,Ramicane,Male,13,21,35,37.62471026,1,45
214,a520,Ramicane,Male,13,21,40,38.25972497,1,45
215,a520,Ramicane,Male,13,21,45,38.81036633,1,45
216,w914,Capomulin,Male,24,21,0,45,0,45
217,w914,Capomulin,Male,24,21,5,45.89372032,0,45
218,w914,Capomulin,Male,24,21,10,43.23196275,0,45
219,w914,Capomulin,Male,24,21,15,43.68844893,0,45
220,w914,Capomulin,Male,24,21,20,41.10809233,0,45
221,w914,Capomulin,Male,24,21,25,40.29191661,0,45
222,w914,Capomulin,Male,24,21,30,40.99311013,0,45
223,w914,Capomulin,Male,24,21,35,41.66491577,1,45
224,w914,Capomulin,Male,24,21,40,35.61130861,2,45
225,w914,Capomulin,Male,24,21,45,36.04104736,2,45
226,r811,Ramicane,Male,9,19,0,45,0,45
227,r811,Ramicane,Male,9,19,5,45.62580225,0,45
228,r811,Ramicane,Male,9,19,10,39.453903,0,45
229,r811,Ramicane,Male,9,19,15,40.02229235,0,45
230,r811,Ramicane,Male,9,19,20,40.7728027,0,45
231,r811,Ramicane,Male,9,19,25,37.61401068,0,45
232,r811,Ramicane,Male,9,19,30,38.24206639,0,45
233,r811,Ramicane,Male,9,19,35,36.00302016,1,45
234,r811,Ramicane,Male,9,19,40,36.5200329,1,45
235,r811,Ramicane,Male,9,19,45,37.22565033,1,45
236,g288,Capomulin,Male,3,19,0,45,0,45
237,g288,Capomulin,Male,3,19,5,45.83939976,0,45
238,g288,Capomulin,Male,3,19,10,46.30400254,1,45
239,g288,Capomulin,Male,3,19,15,42.17230079,1,45
240,g288,Capomulin,Male,3,19,20,42.95712001,1,45
241,g288,Capomulin,Male,3,19,25,42.36869239,1,45
242,g288,Capomulin,Male,3,19,30,42.87446056,1,45
243,g288,Capomulin,Male,3,19,35,38.95411458,1,45
244,g288,Capomulin,Male,3,19,40,36.35685121,1,45
245,g288,Capomulin,Male,3,19,45,37.07402422,1,45
246,i334,Ramicane,Female,8,20,0,45,0,45
247,i334,Ramicane,Female,8,20,5,41.02051821,0,45
248,i334,Ramicane,Female,8,20,10,41.63124731,0,45
249,i334,Ramicane,Female,8,20,15,39.15800115,0,45
250,i334,Ramicane,Female,8,20,20,39.6878317,0,45
251,i334,Ramicane,Female,8,20,25,38.24881732,1,45
252,i334,Ramicane,Female,8,20,30,39.00555435,1,45
253,i334,Ramicane,Female,8,20,35,39.7695521,2,45
254,i334,Ramicane,Female,8,20,40,40.44237037,2,45
255,i334,Ramicane,Female,8,20,45,36.37451039,2,45
256,q610,Ramicane,Female,18,21,0,45,0,35
257,q610,Ramicane,Female,18,21,5,45.62949421,0,35
258,q610,Ramicane,Female,18,21,10,44.99148471,0,35
259,q610,Ramicane,Female,18,21,15,45.88902756,0,35
260,q610,Ramicane,Female,18,21,20,46.58543347,0,35
261,q610,Ramicane,Female,18,21,25,40.14645019,0,35
262,q610,Ramicane,Female,18,21,30,40.66834256,1,35
263,q610,Ramicane,Female,18,21,35,36.56165229,2,35
264,d251,Ramicane,Female,8,19,0,45,0,45
265,d251,Ramicane,Female,8,19,5,41.74635495,1,45
266,d251,Ramicane,Female,8,19,10,42.43225791,1,45
267,d251,Ramicane,Female,8,19,15,39.47278744,1,45
268,d251,Ramicane,Female,8,19,20,37.65209085,1,45
269,d251,Ramicane,Female,8,19,25,38.09751328,1,45
270,d251,Ramicane,Female,8,19,30,38.71825638,2,45
271,d251,Ramicane,Female,8,19,35,37.70852942,2,45
272,d251,Ramicane,Female,8,19,40,38.26540379,2,45
273,d251,Ramicane,Female,8,19,45,37.31123552,2,45
274,l897,Capomulin,Male,17,19,0,45,0,45
275,l897,Capomulin,Male,17,19,5,45.46224327,0,45
276,l897,Capomulin,Male,17,19,10,46.15473721,0,45
277,l897,Capomulin,Male,17,19,15,44.0615214,0,45
278,l897,Capomulin,Male,17,19,20,44.81309343,0,45
279,l897,Capomulin,Male,17,19,25,45.35467916,0,45
280,l897,Capomulin,Male,17,19,30,39.35279201,1,45
281,l897,Capomulin,Male,17,19,35,37.68276664,1,45
282,l897,Capomulin,Male,17,19,40,38.34390154,1,45
283,l897,Capomulin,Male,17,19,45,38.84687569,1,45
284,c458,Ramicane,Female,23,20,0,45,0,30
285,c458,Ramicane,Female,23,20,5,45.72227949,0,30
286,c458,Ramicane,Female,23,20,10,44.45437828,1,30
287,c458,Ramicane,Female,23,20,15,45.10742313,2,30
288,c458,Ramicane,Female,23,20,20,39.50513508,2,30
289,c458,Ramicane,Female,23,20,25,37.75314964,2,30
290,c458,Ramicane,Female,23,20,30,38.34200823,2,30
291,b742,Capomulin,Male,7,21,0,45,0,45
292,b742,Capomulin,Male,7,21,5,41.53409702,0,45
293,b742,Capomulin,Male,7,21,10,41.99922813,0,45
294,b742,Capomulin,Male,7,21,15,39.52484301,0,45
295,b742,Capomulin,Male,7,21,20,37.95035546,0,45
296,b742,Capomulin,Male,7,21,25,38.61768433,0,45
297,b742,Capomulin,Male,7,21,30,39.1679495,0,45
298,b742,Capomulin,Male,7,21,35,39.84757556,0,45
299,b742,Capomulin,Male,7,21,40,38.2556274,0,45
300,b742,Capomulin,Male,7,21,45,38.93963263,0,45
301,b128,Capomulin,Female,9,22,0,45,0,45
302,b128,Capomulin,Female,9,22,5,45.65133131,0,45
303,b128,Capomulin,Female,9,22,10,43.2708519,0,45
304,b128,Capomulin,Female,9,22,15,43.78489343,0,45
305,b128,Capomulin,Female,9,22,20,42.731552,0,45
306,b128,Capomulin,Female,9,22,25,43.26214483,1,45
307,b128,Capomulin,Female,9,22,30,40.60533486,1,45
308,b128,Capomulin,Female,9,22,35,37.96764437,1,45
309,b128,Capomulin,Female,9,22,40,38.3797259,2,45
310,b128,Capomulin,Female,9,22,45,38.98287774,2,45
311,j246,Capomulin,Female,21,21,0,45,0,35
312,j246,Capomulin,Female,21,21,5,45.64143788,0,35
313,j246,Capomulin,Female,21,21,10,46.4083613,0,35
314,j246,Capomulin,Female,21,21,15,43.31265415,0,35
315,j246,Capomulin,Female,21,21,20,44.02037009,0,35
316,j246,Capomulin,Female,21,21,25,44.55522595,0,35
317,j246,Capomulin,Female,21,21,30,38.04408202,1,35
318,j246,Capomulin,Female,21,21,35,38.75326548,1,35
319,a411,Ramicane,Male,3,22,0,45,0,45
320,a411,Ramicane,Male,3,22,5,45.46667714,0,45
321,a411,Ramicane,Male,3,22,10,40.75978762,1,45
322,a411,Ramicane,Male,3,22,15,41.48416885,1,45
323,a411,Ramicane,Male,3,22,20,38.08737318,1,45
324,a411,Ramicane,Male,3,22,25,38.7014384,1,45
325,a411,Ramicane,Male,3,22,30,39.13073724,1,45
326,a411,Ramicane,Male,3,22,35,39.71723589,1,45
327,a411,Ramicane,Male,3,22,40,40.25881765,1,45
328,a411,Ramicane,Male,3,22,45,38.4076183,1,45
329,j119,Capomulin,Female,7,23,0,45,0,45
330,j119,Capomulin,Female,7,23,5,45.83899787,0,45
331,j119,Capomulin,Female,7,23,10,46.42536551,0,45
332,j119,Capomulin,Female,7,23,15,47.32298428,0,45
333,j119,Capomulin,Female,7,23,20,48.15820939,1,45
334,j119,Capomulin,Female,7,23,25,42.41716589,1,45
335,j119,Capomulin,Female,7,23,30,43.01368114,1,45
336,j119,Capomulin,Female,7,23,35,43.76570537,1,45
337,j119,Capomulin,Female,7,23,40,44.5850896,1,45
338,j119,Capomulin,Female,7,23,45,38.1251644,1,45
339,w150,Capomulin,Male,23,23,0,45,0,10
340,w150,Capomulin,Male,23,23,5,39.20212894,0,10
341,w150,Capomulin,Male,23,23,10,39.95234669,0,10
342,v923,Capomulin,Female,19,21,0,45,0,45
343,v923,Capomulin,Female,19,21,5,45.70443431,0,45
344,v923,Capomulin,Female,19,21,10,39.84822328,0,45
345,v923,Capomulin,Female,19,21,15,40.45798877,0,45
346,v923,Capomulin,Female,19,21,20,39.64829568,0,45
347,v923,Capomulin,Female,19,21,25,40.15641269,1,45
348,v923,Capomulin,Female,19,21,30,40.75221626,2,45
349,v923,Capomulin,Female,19,21,35,41.43924156,2,45
350,v923,Capomulin,Female,19,21,40,42.1510148,2,45
351,v923,Capomulin,Female,19,21,45,40.65812366,2,45
352,g316,Capomulin,Female,22,22,0,45,0,45
353,g316,Capomulin,Female,22,22,5,44.02275246,0,45
354,g316,Capomulin,Female,22,22,10,44.50204246,0,45
355,g316,Capomulin,Female,22,22,15,45.21674299,0,45
356,g316,Capomulin,Female,22,22,20,45.93332219,1,45
357,g316,Capomulin,Female,22,22,25,46.80922469,1,45
358,g316,Capomulin,Female,22,22,30,44.22147988,2,45
359,g316,Capomulin,Female,22,22,35,44.70283296,2,45
360,g316,Capomulin,Female,22,22,40,45.56582103,2,45
361,g316,Capomulin,Female,22,22,45,40.1592203,2,45
362,s710,Capomulin,Female,1,23,0,45,0,45
363,s710,Capomulin,Female,1,23,5,43.1809774,0,45
364,s710,Capomulin,Female,1,23,10,43.68802627,0,45
365,s710,Capomulin,Female,1,23,15,41.84523536,0,45
366,s710,Capomulin,Female,1,23,20,42.62996266,1,45
367,s710,Capomulin,Female,1,23,25,43.06040875,1,45
368,s710,Capomulin,Female,1,23,30,43.57170323,1,45
369,s710,Capomulin,Female,1,23,35,44.16051879,1,45
370,s710,Capomulin,Female,1,23,40,40.17192011,1,45
371,s710,Capomulin,Female,1,23,45,40.72857787,1,45
372,l509,Capomulin,Male,17,21,0,45,0,45
373,l509,Capomulin,Male,17,21,5,45.85119285,0,45
374,l509,Capomulin,Male,17,21,10,46.75907363,0,45
375,l509,Capomulin,Male,17,21,15,47.48859931,1,45
376,l509,Capomulin,Male,17,21,20,48.07045162,2,45
377,l509,Capomulin,Male,17,21,25,44.00625702,2,45
378,l509,Capomulin,Male,17,21,30,44.70805473,2,45
379,l509,Capomulin,Male,17,21,35,40.2072885,2,45
380,l509,Capomulin,Male,17,21,40,40.77081259,2,45
381,l509,Capomulin,Male,17,21,45,41.48300765,3,45
382,r944,Capomulin,Male,12,25,0,45,0,45
383,r944,Capomulin,Male,12,25,5,45.73714484,0,45
384,r944,Capomulin,Male,12,25,10,46.54429202,0,45
385,r944,Capomulin,Male,12,25,15,47.37342325,0,45
386,r944,Capomulin,Male,12,25,20,43.22567119,1,45
387,r944,Capomulin,Male,12,25,25,41.08699106,1,45
388,r944,Capomulin,Male,12,25,30,41.68079111,1,45
389,r944,Capomulin,Male,12,25,35,40.40176542,2,45
390,r944,Capomulin,Male,12,25,40,41.0420449,2,45
391,r944,Capomulin,Male,12,25,45,41.58152074,2,45
392,e662,Ramicane,Male,8,24,0,45,0,45
393,e662,Ramicane,Male,8,24,5,45.81628252,0,45
394,e662,Ramicane,Male,8,24,10,46.40908385,0,45
395,e662,Ramicane,Male,8,24,15,43.55377339,0,45
396,e662,Ramicane,Male,8,24,20,44.0012958,0,45
397,e662,Ramicane,Male,8,24,25,44.66459432,1,45
398,e662,Ramicane,Male,8,24,30,45.35023242,1,45
399,e662,Ramicane,Male,8,24,35,43.22027636,1,45
400,e662,Ramicane,Male,8,24,40,44.00672385,2,45
401,e662,Ramicane,Male,8,24,45,40.65900627,2,45
402,u196,Ramicane,Male,18,25,0,45,0,45
403,u196,Ramicane,Male,18,25,5,45.55746444,1,45
404,u196,Ramicane,Male,18,25,10,46.42294306,1,45
405,u196,Ramicane,Male,18,25,15,47.22717065,1,45
406,u196,Ramicane,Male,18,25,20,46.10536303,1,45
407,u196,Ramicane,Male,18,25,25,46.7053254,1,45
408,u196,Ramicane,Male,18,25,30,47.62281636,2,45
409,u196,Ramicane,Male,18,25,35,47.00146542,2,45
410,u196,Ramicane,Male,18,25,40,43.45368679,2,45
411,u196,Ramicane,Male,18,25,45,40.66771292,3,45
412,q597,Ramicane,Male,20,25,0,45,0,45
413,q597,Ramicane,Male,20,25,5,45.76611104,0,45
414,q597,Ramicane,Male,20,25,10,42.53798598,0,45
415,q597,Ramicane,Male,20,25,15,41.39566036,0,45
416,q597,Ramicane,Male,20,25,20,41.9255866,0,45
417,q597,Ramicane,Male,20,25,25,42.57570709,1,45
418,q597,Ramicane,Male,20,25,30,43.33916123,1,45
419,q597,Ramicane,Male,20,25,35,43.80720142,1,45
420,q597,Ramicane,Male,20,25,40,44.47182121,2,45
421,q597,Ramicane,Male,20,25,45,45.22086888,2,45
422,a444,Ramicane,Female,10,25,0,45,0,45
423,a444,Ramicane,Female,10,25,5,44.00597487,0,45
424,a444,Ramicane,Female,10,25,10,44.51255951,0,45
425,a444,Ramicane,Female,10,25,15,43.00127957,0,45
426,a444,Ramicane,Female,10,25,20,41.71461874,0,45
427,a444,Ramicane,Female,10,25,25,42.29139437,0,45
428,a444,Ramicane,Female,10,25,30,42.78627835,0,45
429,a444,Ramicane,Female,10,25,35,41.73595083,0,45
430,a444,Ramicane,Female,10,25,40,42.50492554,0,45
431,a444,Ramicane,Female,10,25,45,43.0475426,0,45
432,i557,Capomulin,Female,1,24,0,45,0,45
433,i557,Capomulin,Female,1,24,5,42.2616653,0,45
434,i557,Capomulin,Female,1,24,10,42.99207658,0,45
435,i557,Capomulin,Female,1,24,15,43.5298757,0,45
436,i557,Capomulin,Female,1,24,20,43.96789516,0,45
437,i557,Capomulin,Female,1,24,25,44.59621854,0,45
438,i557,Capomulin,Female,1,24,30,45.26138381,0,45
439,i557,Capomulin,Female,1,24,35,45.94194901,0,45
440,i557,Capomulin,Female,1,24,40,46.82106972,1,45
441,i557,Capomulin,Female,1,24,45,47.68596303,1,45
442,r921,Ramicane,Female,5,25,0,45,0,30
443,r921,Ramicane,Female,5,25,5,45.56821083,0,30
444,r921,Ramicane,Female,5,25,10,42.71192694,0,30
445,r921,Ramicane,Female,5,25,15,43.52726054,0,30
446,r921,Ramicane,Female,5,25,20,44.13631588,0,30
447,r921,Ramicane,Female,5,25,25,42.65534089,1,30
448,r921,Ramicane,Female,5,25,30,43.41938077,1,30
449,w678,Ramicane,Female,5,24,0,45,0,5
450,w678,Ramicane,Female,5,24,5,43.16637266,0,5
451,y449,Ramicane,Male,19,24,0,45,0,15
452,y449,Ramicane,Male,19,24,5,45.87754494,0,15
453,y449,Ramicane,Male,19,24,10,46.37809248,0,15
454,y449,Ramicane,Male,19,24,15,44.18345092,0,15
455,a203,Infubinol,Female,20,23,0,45,0,45
456,a203,Infubinol,Female,20,23,5,48.5084684,0,45
457,a203,Infubinol,Female,20,23,10,51.8524372,1,45
458,a203,Infubinol,Female,20,23,15,52.7778705,1,45
459,a203,Infubinol,Female,20,23,20,55.17333648,1,45
460,a203,Infubinol,Female,20,23,25,56.79320832,1,45
461,a203,Infubinol,Female,20,23,30,59.52319728,1,45
462,a203,Infubinol,Female,20,23,35,61.93165007,2,45
463,a203,Infubinol,Female,20,23,40,63.59349002,2,45
464,a203,Infubinol,Female,20,23,45,67.97341878,2,45
465,a251,Infubinol,Female,21,25,0,45,0,45
466,a251,Infubinol,Female,21,25,5,46.98212719,0,45
467,a251,Infubinol,Female,21,25,10,48.59117901,1,45
468,a251,Infubinol,Female,21,25,15,50.53445603,1,45
469,a251,Infubinol,Female,21,25,20,54.46259376,1,45
470,a251,Infubinol,Female,21,25,25,57.4146457,1,45
471,a251,Infubinol,Female,21,25,30,59.86124129,1,45
472,a251,Infubinol,Female,21,25,35,60.90388455,1,45
473,a251,Infubinol,Female,21,25,40,63.09507565,1,45
474,a251,Infubinol,Female,21,25,45,65.52574285,1,45
475,a262,Placebo,Female,17,29,0,45,0,45
476,a262,Placebo,Female,17,29,5,48.71756819,1,45
477,a262,Placebo,Female,17,29,10,49.59518129,1,45
478,a262,Placebo,Female,17,29,15,53.82797367,2,45
479,a262,Placebo,Female,17,29,20,57.01331331,2,45
480,a262,Placebo,Female,17,29,25,60.13186217,2,45
481,a262,Placebo,Female,17,29,30,64.95809178,3,45
482,a262,Placebo,Female,17,29,35,66.56196302,4,45
483,a262,Placebo,Female,17,29,40,69.59273198,4,45
484,a262,Placebo,Female,17,29,45,70.71762058,4,45
485,a275,Ceftamin,Female,20,28,0,45,0,45
486,a275,Ceftamin,Female,20,28,5,46.79525728,0,45
487,a275,Ceftamin,Female,20,28,10,47.37134328,0,45
488,a275,Ceftamin,Female,20,28,15,49.73440359,0,45
489,a275,Ceftamin,Female,20,28,20,50.51343652,1,45
490,a275,Ceftamin,Female,20,28,25,53.57606417,1,45
491,a275,Ceftamin,Female,20,28,30,54.44471317,2,45
492,a275,Ceftamin,Female,20,28,35,56.35353804,2,45
493,a275,Ceftamin,Female,20,28,40,60.92153868,3,45
494,a275,Ceftamin,Female,20,28,45,62.99935619,3,45
495,a366,Stelasyn,Female,16,29,0,45,0,30
496,a366,Stelasyn,Female,16,29,5,48.95136773,0,30
497,a366,Stelasyn,Female,16,29,10,53.52399007,0,30
498,a366,Stelasyn,Female,16,29,15,55.26558163,0,30
499,a366,Stelasyn,Female,16,29,20,57.28598742,0,30
500,a366,Stelasyn,Female,16,29,25,59.01172817,0,30
501,a366,Stelasyn,Female,16,29,30,63.44068627,1,30
502,a401,Zoniferol,Female,8,25,0,45,0,45
503,a401,Zoniferol,Female,8,25,5,46.11198591,0,45
504,a401,Zoniferol,Female,8,25,10,47.7259374,1,45
505,a401,Zoniferol,Female,8,25,15,49.93472542,1,45
506,a401,Zoniferol,Female,8,25,20,52.20451136,2,45
507,a401,Zoniferol,Female,8,25,25,54.20983551,3,45
508,a401,Zoniferol,Female,8,25,30,55.91016159,3,45
509,a401,Zoniferol,Female,8,25,35,60.34714467,3,45
510,a401,Zoniferol,Female,8,25,40,61.76860538,4,45
511,a401,Zoniferol,Female,8,25,45,66.79415599,4,45
512,a457,Ketapril,Female,11,30,0,45,0,10
513,a457,Ketapril,Female,11,30,5,47.462891,0,10
514,a457,Ketapril,Female,11,30,10,49.78341894,0,10
515,a492,Stelasyn,Male,20,25,0,45,0,45
516,a492,Stelasyn,Male,20,25,5,46.40914339,0,45
517,a492,Stelasyn,Male,20,25,10,48.43219661,0,45
518,a492,Stelasyn,Male,20,25,15,51.9852629,0,45
519,a492,Stelasyn,Male,20,25,20,53.67719253,0,45
520,a492,Stelasyn,Male,20,25,25,54.70122868,1,45
521,a492,Stelasyn,Male,20,25,30,56.20104104,1,45
522,a492,Stelasyn,Male,20,25,35,57.30855379,1,45
523,a492,Stelasyn,Male,20,25,40,57.92849897,1,45
524,a492,Stelasyn,Male,20,25,45,60.12201052,1,45
525,a577,Infubinol,Female,6,25,0,45,0,30
526,a577,Infubinol,Female,6,25,5,46.1977199,1,30
527,a577,Infubinol,Female,6,25,10,49.5096389,1,30
528,a577,Infubinol,Female,6,25,15,50.91500662,2,30
529,a577,Infubinol,Female,6,25,20,52.36518457,2,30
530,a577,Infubinol,Female,6,25,25,54.38093154,2,30
531,a577,Infubinol,Female,6,25,30,57.03186187,2,30
532,a685,Infubinol,Male,8,30,0,45,0,45
533,a685,Infubinol,Male,8,30,5,46.87048256,0,45
534,a685,Infubinol,Male,8,30,10,47.66475264,0,45
535,a685,Infubinol,Male,8,30,15,48.95147442,0,45
536,a685,Infubinol,Male,8,30,20,49.49055902,0,45
537,a685,Infubinol,Male,8,30,25,51.93995092,0,45
538,a685,Infubinol,Male,8,30,30,55.45385519,1,45
539,a685,Infubinol,Male,8,30,35,58.09262925,1,45
540,a685,Infubinol,Male,8,30,40,60.56790371,2,45
541,a685,Infubinol,Male,8,30,45,66.08306589,3,45
542,a699,Propriva,Female,5,28,0,45,0,45
543,a699,Propriva,Female,5,28,5,46.55308986,0,45
544,a699,Propriva,Female,5,28,10,47.86737569,0,45
545,a699,Propriva,Female,5,28,15,49.53040137,0,45
546,a699,Propriva,Female,5,28,20,50.71242334,0,45
547,a699,Propriva,Female,5,28,25,51.84638147,0,45
548,a699,Propriva,Female,5,28,30,54.37934505,0,45
549,a699,Propriva,Female,5,28,35,56.51068234,1,45
550,a699,Propriva,Female,5,28,40,58.60544816,1,45
551,a699,Propriva,Female,5,28,45,62.19141437,1,45
552,a788,Zoniferol,Male,5,30,0,45,0,30
553,a788,Zoniferol,Male,5,30,5,47.00658024,0,30
554,a788,Zoniferol,Male,5,30,10,50.15972132,1,30
555,a788,Zoniferol,Male,5,30,15,52.53994926,1,30
556,a788,Zoniferol,Male,5,30,20,54.06098332,1,30
557,a788,Zoniferol,Male,5,30,25,56.7702803,1,30
558,a788,Zoniferol,Male,5,30,30,60.41370908,1,30
559,a818,Naftisol,Female,12,28,0,45,0,45
560,a818,Naftisol,Female,12,28,5,45.69670864,0,45
561,a818,Naftisol,Female,12,28,10,49.79091948,0,45
562,a818,Naftisol,Female,12,28,15,51.22756565,0,45
563,a818,Naftisol,Female,12,28,20,54.8346245,0,45
564,a818,Naftisol,Female,12,28,25,56.96627332,0,45
565,a818,Naftisol,Female,12,28,30,60.07237198,0,45
566,a818,Naftisol,Female,12,28,35,63.29854586,0,45
567,a818,Naftisol,Female,12,28,40,69.27381374,1,45
568,a818,Naftisol,Female,12,28,45,74.99776443,2,45
569,a897,Placebo,Male,7,28,0,45,0,45
570,a897,Placebo,Male,7,28,5,45.69112405,1,45
571,a897,Placebo,Male,7,28,10,47.97292708,1,45
572,a897,Placebo,Male,7,28,15,52.34308525,2,45
573,a897,Placebo,Male,7,28,20,54.59570541,3,45
574,a897,Placebo,Male,7,28,25,56.41331977,3,45
575,a897,Placebo,Male,7,28,30,59.91693443,3,45
576,a897,Placebo,Male,7,28,35,64.0528731,3,45
577,a897,Placebo,Male,7,28,40,67.21174279,4,45
578,a897,Placebo,Male,7,28,45,72.25596306,4,45
579,a963,Stelasyn,Female,23,27,0,45,0,45
580,a963,Stelasyn,Female,23,27,5,46.23350581,0,45
581,a963,Stelasyn,Female,23,27,10,47.15052201,0,45
582,a963,Stelasyn,Female,23,27,15,47.83685218,0,45
583,a963,Stelasyn,Female,23,27,20,51.46373448,0,45
584,a963,Stelasyn,Female,23,27,25,52.12980374,0,45
585,a963,Stelasyn,Female,23,27,30,53.40166738,1,45
586,a963,Stelasyn,Female,23,27,35,56.81397646,1,45
587,a963,Stelasyn,Female,23,27,40,58.46378685,1,45
588,a963,Stelasyn,Female,23,27,45,62.76509317,1,45
589,b313,Zoniferol,Male,12,27,0,45,0,25
590,b313,Zoniferol,Male,12,27,5,47.15443254,0,25
591,b313,Zoniferol,Male,12,27,10,48.31937218,1,25
592,b313,Zoniferol,Male,12,27,15,49.18838735,1,25
593,b313,Zoniferol,Male,12,27,20,53.9796797,1,25
594,b313,Zoniferol,Male,12,27,25,55.74514628,1,25
595,b447,Ceftamin,Male,2,30,0,45,0,0
596,b487,Ceftamin,Female,6,28,0,45,0,25
597,b487,Ceftamin,Female,6,28,5,46.21397739,0,25
598,b487,Ceftamin,Female,6,28,10,47.6643871,0,25
599,b487,Ceftamin,Female,6,28,15,51.68325586,0,25
600,b487,Ceftamin,Female,6,28,20,53.42766344,0,25
601,b487,Ceftamin,Female,6,28,25,56.05774909,1,25
602,b559,Naftisol,Male,20,26,0,45,0,45
603,b559,Naftisol,Male,20,26,5,47.40989731,0,45
604,b559,Naftisol,Male,20,26,10,48.03643202,0,45
605,b559,Naftisol,Male,20,26,15,51.37886229,0,45
606,b559,Naftisol,Male,20,26,20,55.65445572,1,45
607,b559,Naftisol,Male,20,26,25,57.04366929,1,45
608,b559,Naftisol,Male,20,26,30,61.19038663,1,45
609,b559,Naftisol,Male,20,26,35,65.70576275,1,45
610,b559,Naftisol,Male,20,26,40,69.96961645,1,45
611,b559,Naftisol,Male,20,26,45,73.05136339,1,45
612,b759,Ceftamin,Female,12,25,0,45,0,30
613,b759,Ceftamin,Female,12,25,5,48.00919049,0,30
614,b759,Ceftamin,Female,12,25,10,49.13335499,0,30
615,b759,Ceftamin,Female,12,25,15,51.58779906,0,30
616,b759,Ceftamin,Female,12,25,20,54.44303502,0,30
617,b759,Ceftamin,Female,12,25,25,55.08363235,0,30
618,b759,Ceftamin,Female,12,25,30,55.74282869,1,30
619,b879,Stelasyn,Female,4,26,0,45,0,45
620,b879,Stelasyn,Female,4,26,5,49.15615628,1,45
621,b879,Stelasyn,Female,4,26,10,50.33894583,1,45
622,b879,Stelasyn,Female,4,26,15,51.61838657,1,45
623,b879,Stelasyn,Female,4,26,20,53.98343568,1,45
624,b879,Stelasyn,Female,4,26,25,56.46998744,2,45
625,b879,Stelasyn,Female,4,26,30,60.90761481,2,45
626,b879,Stelasyn,Female,4,26,35,64.26088633,2,45
627,b879,Stelasyn,Female,4,26,40,67.18912666,2,45
628,b879,Stelasyn,Female,4,26,45,72.55523894,2,45
629,c139,Infubinol,Male,11,28,0,45,0,45
630,c139,Infubinol,Male,11,28,5,48.75311208,0,45
631,c139,Infubinol,Male,11,28,10,49.99295391,0,45
632,c139,Infubinol,Male,11,28,15,51.8332246,0,45
633,c139,Infubinol,Male,11,28,20,56.74200681,0,45
634,c139,Infubinol,Male,11,28,25,61.46196976,0,45
635,c139,Infubinol,Male,11,28,30,64.14987077,1,45
636,c139,Infubinol,Male,11,28,35,67.82141969,1,45
637,c139,Infubinol,Male,11,28,40,69.42814095,2,45
638,c139,Infubinol,Male,11,28,45,72.2267309,2,45
639,c264,Zoniferol,Female,11,27,0,45,0,45
640,c264,Zoniferol,Female,11,27,5,45.79170389,0,45
641,c264,Zoniferol,Female,11,27,10,49.02659196,0,45
642,c264,Zoniferol,Female,11,27,15,53.66494165,1,45
643,c264,Zoniferol,Female,11,27,20,54.5681957,1,45
644,c264,Zoniferol,Female,11,27,25,56.96676876,2,45
645,c264,Zoniferol,Female,11,27,30,57.82391556,2,45
646,c264,Zoniferol,Female,11,27,35,61.07479506,2,45
647,c264,Zoniferol,Female,11,27,40,65.70832272,2,45
648,c264,Zoniferol,Female,11,27,45,67.94212107,2,45
649,c282,Placebo,Male,12,27,0,45,0,45
650,c282,Placebo,Male,12,27,5,45.72568973,0,45
651,c282,Placebo,Male,12,27,10,48.17950638,0,45
652,c282,Placebo,Male,12,27,15,49.26607873,0,45
653,c282,Placebo,Male,12,27,20,51.95057423,0,45
654,c282,Placebo,Male,12,27,25,56.29220039,1,45
655,c282,Placebo,Male,12,27,30,59.00590207,1,45
656,c282,Placebo,Male,12,27,35,59.88765475,1,45
657,c282,Placebo,Male,12,27,40,65.02179944,2,45
658,c282,Placebo,Male,12,27,45,65.81516535,2,45
659,c302,Zoniferol,Female,10,29,0,45,0,45
660,c302,Zoniferol,Female,10,29,5,47.69067986,1,45
661,c302,Zoniferol,Female,10,29,10,48.53356704,1,45
662,c302,Zoniferol,Female,10,29,15,52.71663459,2,45
663,c302,Zoniferol,Female,10,29,20,54.08090836,3,45
664,c302,Zoniferol,Female,10,29,25,55.07622853,3,45
665,c302,Zoniferol,Female,10,29,30,57.41974389,3,45
666,c302,Zoniferol,Female,10,29,35,62.23657157,3,45
667,c302,Zoniferol,Female,10,29,40,63.28107148,4,45
668,c302,Zoniferol,Female,10,29,45,64.57522157,4,45
669,c326,Infubinol,Female,18,25,0,45,0,5
670,c326,Infubinol,Female,18,25,5,36.3213458,0,5
671,c402,Stelasyn,Female,1,27,0,45,0,45
672,c402,Stelasyn,Female,1,27,5,49.3426301,1,45
673,c402,Stelasyn,Female,1,27,10,50.56689412,1,45
674,c402,Stelasyn,Female,1,27,15,52.23071944,1,45
675,c402,Stelasyn,Female,1,27,20,54.88332044,2,45
676,c402,Stelasyn,Female,1,27,25,58.26988853,2,45
677,c402,Stelasyn,Female,1,27,30,63.74319428,2,45
678,c402,Stelasyn,Female,1,27,35,65.8079627,2,45
679,c402,Stelasyn,Female,1,27,40,70.22229679,2,45
680,c402,Stelasyn,Female,1,27,45,74.04039018,3,45
681,c559,Zoniferol,Female,19,28,0,45,0,45
682,c559,Zoniferol,Female,19,28,5,46.56263793,0,45
683,c559,Zoniferol,Female,19,28,10,47.29326012,0,45
684,c559,Zoniferol,Female,19,28,15,51.41490358,1,45
685,c559,Zoniferol,Female,19,28,20,52.60436695,2,45
686,c559,Zoniferol,Female,19,28,25,54.55544168,2,45
687,c559,Zoniferol,Female,19,28,30,57.14614388,2,45
688,c559,Zoniferol,Female,19,28,35,59.45504074,2,45
689,c559,Zoniferol,Female,19,28,40,60.86184431,3,45
690,c559,Zoniferol,Female,19,28,45,61.84005842,4,45
691,c580,Ketapril,Male,22,25,0,45,0,30
692,c580,Ketapril,Male,22,25,5,46.6284548,0,30
693,c580,Ketapril,Male,22,25,10,47.57017382,1,30
694,c580,Ketapril,Male,22,25,15,51.991708,1,30
695,c580,Ketapril,Male,22,25,20,55.57532195,2,30
696,c580,Ketapril,Male,22,25,25,56.28906231,2,30
697,c580,Ketapril,Male,22,25,30,58.04656941,3,30
698,c757,Placebo,Male,9,27,0,45,0,45
699,c757,Placebo,Male,9,27,5,47.78327981,0,45
700,c757,Placebo,Male,9,27,10,49.21931669,0,45
701,c757,Placebo,Male,9,27,15,51.532603,0,45
702,c757,Placebo,Male,9,27,20,52.81863401,1,45
703,c757,Placebo,Male,9,27,25,57.10641821,2,45
704,c757,Placebo,Male,9,27,30,60.09857184,2,45
705,c757,Placebo,Male,9,27,35,64.29116351,2,45
706,c757,Placebo,Male,9,27,40,66.60436771,2,45
707,c757,Placebo,Male,9,27,45,69.04284082,3,45
708,c766,Placebo,Female,13,26,0,45,0,45
709,c766,Placebo,Female,13,26,5,47.31305537,0,45
710,c766,Placebo,Female,13,26,10,49.50027098,1,45
711,c766,Placebo,Female,13,26,15,50.59663325,2,45
712,c766,Placebo,Female,13,26,20,53.00686463,3,45
713,c766,Placebo,Female,13,26,25,58.21462437,3,45
714,c766,Placebo,Female,13,26,30,60.2559245,3,45
715,c766,Placebo,Female,13,26,35,65.95236791,4,45
716,c766,Placebo,Female,13,26,40,67.68529456,4,45
717,c766,Placebo,Female,13,26,45,69.82314577,4,45
718,c819,Ketapril,Male,21,25,0,45,0,40
719,c819,Ketapril,Male,21,25,5,45.76924864,1,40
720,c819,Ketapril,Male,21,25,10,46.65839527,1,40
721,c819,Ketapril,Male,21,25,15,48.37099912,1,40
722,c819,Ketapril,Male,21,25,20,49.76241475,1,40
723,c819,Ketapril,Male,21,25,25,51.82835706,1,40
724,c819,Ketapril,Male,21,25,30,56.0989982,1,40
725,c819,Ketapril,Male,21,25,35,57.72953466,1,40
726,c819,Ketapril,Male,21,25,40,62.17570465,1,40
727,c832,Ketapril,Male,18,29,0,45,0,45
728,c832,Ketapril,Male,18,29,5,48.68546123,1,45
729,c832,Ketapril,Male,18,29,10,49.81141262,1,45
730,c832,Ketapril,Male,18,29,15,52.86453449,1,45
731,c832,Ketapril,Male,18,29,20,56.71023353,1,45
732,c832,Ketapril,Male,18,29,25,58.89181644,2,45
733,c832,Ketapril,Male,18,29,30,60.49637579,2,45
734,c832,Ketapril,Male,18,29,35,61.12448717,2,45
735,c832,Ketapril,Male,18,29,40,62.57231816,2,45
736,c832,Ketapril,Male,18,29,45,65.41595451,3,45
737,c895,Infubinol,Female,7,29,0,45,0,30
738,c895,Infubinol,Female,7,29,5,45.47754399,0,30
739,c895,Infubinol,Female,7,29,10,49.77901542,0,30
740,c895,Infubinol,Female,7,29,15,52.94946474,1,30
741,c895,Infubinol,Female,7,29,20,53.6768396,2,30
742,c895,Infubinol,Female,7,29,25,57.53419288,2,30
743,c895,Infubinol,Female,7,29,30,60.96971133,2,30
744,c927,Propriva,Female,4,26,0,45,0,40
745,c927,Propriva,Female,4,26,5,46.35184205,0,40
746,c927,Propriva,Female,4,26,10,50.96529767,1,40
747,c927,Propriva,Female,4,26,15,53.26643087,1,40
748,c927,Propriva,Female,4,26,20,55.48168922,1,40
749,c927,Propriva,Female,4,26,25,56.54551947,2,40
750,c927,Propriva,Female,4,26,30,60.7539246,2,40
751,c927,Propriva,Female,4,26,35,61.87227365,3,40
752,c927,Propriva,Female,4,26,40,64.18322918,4,40
753,d133,Zoniferol,Male,5,30,0,45,0,0
754,d164,Zoniferol,Male,21,28,0,45,0,10
755,d164,Zoniferol,Male,21,28,5,46.61767061,0,10
756,d164,Zoniferol,Male,21,28,10,47.47464468,1,10
757,d474,Ketapril,Male,18,27,0,45,0,40
758,d474,Ketapril,Male,18,27,5,45.91835225,0,40
759,d474,Ketapril,Male,18,27,10,46.97496297,0,40
760,d474,Ketapril,Male,18,27,15,47.77793584,0,40
761,d474,Ketapril,Male,18,27,20,51.73149416,0,40
762,d474,Ketapril,Male,18,27,25,54.27932462,0,40
763,d474,Ketapril,Male,18,27,30,55.34134157,0,40
764,d474,Ketapril,Male,18,27,35,56.47911257,0,40
765,d474,Ketapril,Male,18,27,40,60.23373278,1,40
766,e213,Naftisol,Male,8,27,0,45,0,45
767,e213,Naftisol,Male,8,27,5,45.69925018,1,45
768,e213,Naftisol,Male,8,27,10,47.3915712,2,45
769,e213,Naftisol,Male,8,27,15,51.7916953,2,45
770,e213,Naftisol,Male,8,27,20,52.61376289,2,45
771,e213,Naftisol,Male,8,27,25,55.22447615,2,45
772,e213,Naftisol,Male,8,27,30,56.45872864,3,45
773,e213,Naftisol,Male,8,27,35,58.24585435,3,45
774,e213,Naftisol,Male,8,27,40,60.23654797,3,45
775,e213,Naftisol,Male,8,27,45,63.1056963,4,45
776,e227,Placebo,Male,1,30,0,45,0,45
777,e227,Placebo,Male,1,30,5,47.23801112,0,45
778,e227,Placebo,Male,1,30,10,51.34975705,1,45
779,e227,Placebo,Male,1,30,15,52.83394196,1,45
780,e227,Placebo,Male,1,30,20,56.6075521,1,45
781,e227,Placebo,Male,1,30,25,60.60029169,1,45
782,e227,Placebo,Male,1,30,30,62.46438515,2,45
783,e227,Placebo,Male,1,30,35,66.94912136,3,45
784,e227,Placebo,Male,1,30,40,70.7152176,3,45
785,e227,Placebo,Male,1,30,45,73.21293851,3,45
786,e291,Naftisol,Female,14,29,0,45,0,25
787,e291,Naftisol,Female,14,29,5,46.14250486,0,25
788,e291,Naftisol,Female,14,29,10,48.52974125,1,25
789,e291,Naftisol,Female,14,29,15,49.3484262,1,25
790,e291,Naftisol,Female,14,29,20,52.53376479,1,25
791,e291,Naftisol,Female,14,29,25,55.1389525,2,25
792,e476,Infubinol,Male,23,26,0,45,0,45
793,e476,Infubinol,Male,23,26,5,47.11180113,0,45
794,e476,Infubinol,Male,23,26,10,49.43168536,0,45
795,e476,Infubinol,Male,23,26,15,54.04621267,0,45
796,e476,Infubinol,Male,23,26,20,55.24927296,0,45
797,e476,Infubinol,Male,23,26,25,57.408638,0,45
798,e476,Infubinol,Male,23,26,30,57.99279743,1,45
799,e476,Infubinol,Male,23,26,35,60.0643402,1,45
800,e476,Infubinol,Male,23,26,40,61.52527583,1,45
801,e476,Infubinol,Male,23,26,45,62.43540402,1,45
802,e584,Naftisol,Male,9,27,0,45,0,45
803,e584,Naftisol,Male,9,27,5,45.6569785,0,45
804,e584,Naftisol,Male,9,27,10,47.25064148,0,45
805,e584,Naftisol,Male,9,27,15,48.43041053,1,45
806,e584,Naftisol,Male,9,27,20,50.34492095,2,45
807,e584,Naftisol,Male,9,27,25,51.38641908,2,45
808,e584,Naftisol,Male,9,27,30,54.98440767,3,45
809,e584,Naftisol,Male,9,27,35,58.08655989,3,45
810,e584,Naftisol,Male,9,27,40,62.81687083,4,45
811,e584,Naftisol,Male,9,27,45,68.3597767,4,45
812,f129,Zoniferol,Female,11,29,0,45,0,15
813,f129,Zoniferol,Female,11,29,5,47.00059399,0,15
814,f129,Zoniferol,Female,11,29,10,48.17971908,1,15
815,f129,Zoniferol,Female,11,29,15,49.98830246,1,15
816,f234,Stelasyn,Male,14,28,0,45,0,35
817,f234,Stelasyn,Male,14,28,5,47.31349062,0,35
818,f234,Stelasyn,Male,14,28,10,47.90432375,0,35
819,f234,Stelasyn,Male,14,28,15,48.73519714,1,35
820,f234,Stelasyn,Male,14,28,20,51.11271293,2,35
821,f234,Stelasyn,Male,14,28,25,52.17860221,2,35
822,f234,Stelasyn,Male,14,28,30,56.87381654,2,35
823,f234,Stelasyn,Male,14,28,35,57.74875831,2,35
824,f278,Ketapril,Male,12,30,0,45,0,5
825,f278,Ketapril,Male,12,30,5,48.19457788,0,5
826,f345,Infubinol,Male,23,26,0,45,0,45
827,f345,Infubinol,Male,23,26,5,45.5911466,0,45
828,f345,Infubinol,Male,23,26,10,47.22244619,0,45
829,f345,Infubinol,Male,23,26,15,48.35223854,0,45
830,f345,Infubinol,Male,23,26,20,49.61338303,0,45
831,f345,Infubinol,Male,23,26,25,53.0788944,0,45
832,f345,Infubinol,Male,23,26,30,54.36379731,1,45
833,f345,Infubinol,Male,23,26,35,56.52332726,1,45
834,f345,Infubinol,Male,23,26,40,58.3155925,1,45
835,f345,Infubinol,Male,23,26,45,60.91876652,1,45
836,f394,Zoniferol,Male,19,30,0,45,0,5
837,f394,Zoniferol,Male,19,30,5,47.03309963,0,5
838,f436,Ceftamin,Female,3,25,0,45,0,15
839,f436,Ceftamin,Female,3,25,5,46.37079759,1,15
840,f436,Ceftamin,Female,3,25,10,48.14697758,2,15
841,f436,Ceftamin,Female,3,25,15,48.72207785,2,15
842,f545,Zoniferol,Female,20,26,0,45,0,45
843,f545,Zoniferol,Female,20,26,5,46.56581263,0,45
844,f545,Zoniferol,Female,20,26,10,51.07251225,0,45
845,f545,Zoniferol,Female,20,26,15,53.94554429,1,45
846,f545,Zoniferol,Female,20,26,20,58.84118888,1,45
847,f545,Zoniferol,Female,20,26,25,60.25348139,1,45
848,f545,Zoniferol,Female,20,26,30,65.89398607,1,45
849,f545,Zoniferol,Female,20,26,35,66.74292417,1,45
850,f545,Zoniferol,Female,20,26,40,71.10811835,1,45
851,f545,Zoniferol,Female,20,26,45,73.32443228,1,45
852,f932,Ketapril,Male,15,29,0,45,0,0
853,f993,Naftisol,Male,21,28,0,45,0,20
854,f993,Naftisol,Male,21,28,5,46.39575966,0,20
855,f993,Naftisol,Male,21,28,10,48.18537323,0,20
856,f993,Naftisol,Male,21,28,15,49.10697473,1,20
857,f993,Naftisol,Male,21,28,20,52.07951009,1,20
858,g107,Ketapril,Female,2,29,0,45,0,35
859,g107,Ketapril,Female,2,29,5,48.79166496,0,35
860,g107,Ketapril,Female,2,29,10,53.43598668,0,35
861,g107,Ketapril,Female,2,29,15,58.13554485,0,35
862,g107,Ketapril,Female,2,29,20,62.70603145,0,35
863,g107,Ketapril,Female,2,29,25,64.66362579,0,35
864,g107,Ketapril,Female,2,29,30,69.16051982,0,35
865,g107,Ketapril,Female,2,29,35,71.90511721,0,35
866,g296,Zoniferol,Female,14,29,0,45,0,45
867,g296,Zoniferol,Female,14,29,5,46.59323337,0,45
868,g296,Zoniferol,Female,14,29,10,48.26950861,0,45
869,g296,Zoniferol,Female,14,29,15,49.65324404,1,45
870,g296,Zoniferol,Female,14,29,20,51.4471183,2,45
871,g296,Zoniferol,Female,14,29,25,55.6701066,3,45
872,g296,Zoniferol,Female,14,29,30,57.99770642,3,45
873,g296,Zoniferol,Female,14,29,35,60.38451978,4,45
874,g296,Zoniferol,Female,14,29,40,62.22191493,4,45
875,g296,Zoniferol,Female,14,29,45,68.16319517,4,45
876,g497,Ketapril,Male,19,28,0,45,0,45
877,g497,Ketapril,Male,19,28,5,48.78206878,0,45
878,g497,Ketapril,Male,19,28,10,49.6470865,0,45
879,g497,Ketapril,Male,19,28,15,53.64616804,1,45
880,g497,Ketapril,Male,19,28,20,55.09699356,1,45
881,g497,Ketapril,Male,19,28,25,57.52444611,2,45
882,g497,Ketapril,Male,19,28,30,61.108186,2,45
883,g497,Ketapril,Male,19,28,35,64.0948893,2,45
884,g497,Ketapril,Male,19,28,40,67.74281406,2,45
885,g497,Ketapril,Male,19,28,45,69.87225079,2,45
886,g558,Propriva,Male,8,29,0,45,0,40
887,g558,Propriva,Male,8,29,5,46.18874193,0,40
888,g558,Propriva,Male,8,29,10,50.09475382,0,40
889,g558,Propriva,Male,8,29,15,51.007258,0,40
890,g558,Propriva,Male,8,29,20,55.09009691,1,40
891,g558,Propriva,Male,8,29,25,55.75408257,2,40
892,g558,Propriva,Male,8,29,30,58.95282911,3,40
893,g558,Propriva,Male,8,29,35,60.86215883,4,40
894,g558,Propriva,Male,8,29,40,61.77496268,4,40
895,g570,Propriva,Male,16,29,0,45,0,45
896,g570,Propriva,Male,16,29,5,47.65642436,1,45
897,g570,Propriva,Male,16,29,10,49.18823167,1,45
898,g570,Propriva,Male,16,29,15,52.6826954,1,45
899,g570,Propriva,Male,16,29,20,54.64329541,1,45
900,g570,Propriva,Male,16,29,25,56.8494056,1,45
901,g570,Propriva,Male,16,29,30,60.32871705,1,45
902,g570,Propriva,Male,16,29,35,62.3304204,2,45
903,g570,Propriva,Male,16,29,40,68.52585616,2,45
904,g570,Propriva,Male,16,29,45,70.49278763,2,45
905,g867,Stelasyn,Female,9,25,0,45,0,15
906,g867,Stelasyn,Female,9,25,5,46.88074916,0,15
907,g867,Stelasyn,Female,9,25,10,48.18340167,0,15
908,g867,Stelasyn,Female,9,25,15,51.06041924,1,15
909,h246,Ketapril,Male,13,30,0,45,0,45
910,h246,Ketapril,Male,13,30,5,49.47041702,0,45
911,h246,Ketapril,Male,13,30,10,51.36886216,1,45
912,h246,Ketapril,Male,13,30,15,56.18432701,1,45
913,h246,Ketapril,Male,13,30,20,57.93591218,1,45
914,h246,Ketapril,Male,13,30,25,59.5488537,1,45
915,h246,Ketapril,Male,13,30,30,63.59960954,1,45
916,h246,Ketapril,Male,13,30,35,67.2112701,2,45
917,h246,Ketapril,Male,13,30,40,71.15083468,2,45
918,h246,Ketapril,Male,13,30,45,74.10408567,2,45
919,h333,Stelasyn,Male,21,27,0,45,0,30
920,h333,Stelasyn,Male,21,27,5,45.75172728,0,30
921,h333,Stelasyn,Male,21,27,10,46.23384414,1,30
922,h333,Stelasyn,Male,21,27,15,50.69260358,2,30
923,h333,Stelasyn,Male,21,27,20,51.99780618,2,30
924,h333,Stelasyn,Male,21,27,25,53.73091434,2,30
925,h333,Stelasyn,Male,21,27,30,55.45528975,2,30
926,h428,Ketapril,Female,1,27,0,45,0,0
927,h531,Ceftamin,Male,5,27,0,45,0,5
928,h531,Ceftamin,Male,5,27,5,47.7846818,0,5
929,i386,Infubinol,Female,23,29,0,45,0,40
930,i386,Infubinol,Female,23,29,5,46.85369669,1,40
931,i386,Infubinol,Female,23,29,10,49.86154739,2,40
932,i386,Infubinol,Female,23,29,15,51.73656088,2,40
933,i386,Infubinol,Female,23,29,20,55.08772445,2,40
934,i386,Infubinol,Female,23,29,25,56.68786392,3,40
935,i386,Infubinol,Female,23,29,30,59.13364029,3,40
936,i386,Infubinol,Female,23,29,35,64.92542037,3,40
937,i386,Infubinol,Female,23,29,40,67.28962147,4,40
938,i477,Placebo,Female,3,30,0,45,0,10
939,i477,Placebo,Female,3,30,5,46.65738471,0,10
940,i477,Placebo,Female,3,30,10,47.52063206,0,10
941,i635,Propriva,Male,21,26,0,45,0,45
942,i635,Propriva,Male,21,26,5,47.23593715,0,45
943,i635,Propriva,Male,21,26,10,48.68575605,1,45
944,i635,Propriva,Male,21,26,15,49.53689775,1,45
945,i635,Propriva,Male,21,26,20,51.87706189,1,45
946,i635,Propriva,Male,21,26,25,52.92882323,1,45
947,i635,Propriva,Male,21,26,30,53.5970382,2,45
948,i635,Propriva,Male,21,26,35,55.67999656,2,45
949,i635,Propriva,Male,21,26,40,56.84243514,3,45
950,i635,Propriva,Male,21,26,45,58.63340414,3,45
951,i669,Placebo,Female,18,27,0,45,0,25
952,i669,Placebo,Female,18,27,5,46.76466824,1,25
953,i669,Placebo,Female,18,27,10,48.2816334,1,25
954,i669,Placebo,Female,18,27,15,48.8576007,1,25
955,i669,Placebo,Female,18,27,20,50.87369027,1,25
956,i669,Placebo,Female,18,27,25,53.30318455,2,25
957,i901,Stelasyn,Male,23,29,0,45,0,45
958,i901,Stelasyn,Male,23,29,5,46.49302392,0,45
959,i901,Stelasyn,Male,23,29,10,50.42124982,0,45
960,i901,Stelasyn,Male,23,29,15,51.41964239,0,45
961,i901,Stelasyn,Male,23,29,20,55.97440502,0,45
962,i901,Stelasyn,Male,23,29,25,56.575195,0,45
963,i901,Stelasyn,Male,23,29,30,60.59185755,0,45
964,i901,Stelasyn,Male,23,29,35,62.12733561,0,45
965,i901,Stelasyn,Male,23,29,40,64.30345451,0,45
966,i901,Stelasyn,Male,23,29,45,65.34181087,0,45
967,j235,Placebo,Male,6,30,0,45,0,20
968,j235,Placebo,Male,6,30,5,46.58881978,0,20
969,j235,Placebo,Male,6,30,10,48.01878792,1,20
970,j235,Placebo,Male,6,30,15,51.16113815,1,20
971,j235,Placebo,Male,6,30,20,52.94290169,1,20
972,j296,Ceftamin,Female,24,30,0,45,0,45
973,j296,Ceftamin,Female,24,30,5,46.79925591,1,45
974,j296,Ceftamin,Female,24,30,10,48.52997762,2,45
975,j296,Ceftamin,Female,24,30,15,50.70127959,2,45
976,j296,Ceftamin,Female,24,30,20,54.00534209,3,45
977,j296,Ceftamin,Female,24,30,25,55.76714817,3,45
978,j296,Ceftamin,Female,24,30,30,56.80306121,3,45
979,j296,Ceftamin,Female,24,30,35,58.71448296,3,45
980,j296,Ceftamin,Female,24,30,40,60.07268848,3,45
981,j296,Ceftamin,Female,24,30,45,61.84902336,3,45
982,j365,Zoniferol,Male,24,28,0,45,0,45
983,j365,Zoniferol,Male,24,28,5,46.7112611,0,45
984,j365,Zoniferol,Male,24,28,10,48.34932028,0,45
985,j365,Zoniferol,Male,24,28,15,49.58826336,0,45
986,j365,Zoniferol,Male,24,28,20,50.93935278,1,45
987,j365,Zoniferol,Male,24,28,25,51.8103204,1,45
988,j365,Zoniferol,Male,24,28,30,54.40488176,1,45
989,j365,Zoniferol,Male,24,28,35,56.96120016,2,45
990,j365,Zoniferol,Male,24,28,40,62.32717066,2,45
991,j365,Zoniferol,Male,24,28,45,64.29408493,2,45
992,j755,Naftisol,Male,23,27,0,45,0,45
993,j755,Naftisol,Male,23,27,5,47.24284357,0,45
994,j755,Naftisol,Male,23,27,10,48.16706083,0,45
995,j755,Naftisol,Male,23,27,15,51.45397391,0,45
996,j755,Naftisol,Male,23,27,20,55.49660753,1,45
997,j755,Naftisol,Male,23,27,25,58.05581822,1,45
998,j755,Naftisol,Male,23,27,30,60.00720978,1,45
999,j755,Naftisol,Male,23,27,35,62.7328576,1,45
1000,j755,Naftisol,Male,23,27,40,67.2077103,1,45
1001,j755,Naftisol,Male,23,27,45,69.56362076,1,45
1002,j984,Stelasyn,Female,2,30,0,45,0,45
1003,j984,Stelasyn,Female,2,30,5,48.41072109,1,45
1004,j984,Stelasyn,Female,2,30,10,50.14108401,1,45
1005,j984,Stelasyn,Female,2,30,15,51.16675687,1,45
1006,j984,Stelasyn,Female,2,30,20,54.37251567,1,45
1007,j984,Stelasyn,Female,2,30,25,57.06435479,1,45
1008,j984,Stelasyn,Female,2,30,30,61.24050573,1,45
1009,j984,Stelasyn,Female,2,30,35,64.05539896,1,45
1010,j984,Stelasyn,Female,2,30,40,67.77708036,1,45
1011,j984,Stelasyn,Female,2,30,45,70.65383162,1,45
1012,k210,Ceftamin,Male,15,28,0,45,0,45
1013,k210,Ceftamin,Male,15,28,5,47.91899771,0,45
1014,k210,Ceftamin,Male,15,28,10,49.37993231,0,45
1015,k210,Ceftamin,Male,15,28,15,51.07355752,0,45
1016,k210,Ceftamin,Male,15,28,20,51.99761855,0,45
1017,k210,Ceftamin,Male,15,28,25,54.61397279,0,45
1018,k210,Ceftamin,Male,15,28,30,59.98950976,1,45
1019,k210,Ceftamin,Male,15,28,35,63.32933023,1,45
1020,k210,Ceftamin,Male,15,28,40,66.62283628,2,45
1021,k210,Ceftamin,Male,15,28,45,68.92318457,3,45
1022,k382,Ketapril,Male,22,29,0,45,0,45
1023,k382,Ketapril,Male,22,29,5,46.27499735,1,45
1024,k382,Ketapril,Male,22,29,10,50.18096763,1,45
1025,k382,Ketapril,Male,22,29,15,54.42916821,1,45
1026,k382,Ketapril,Male,22,29,20,57.82435071,2,45
1027,k382,Ketapril,Male,22,29,25,59.50390392,3,45
1028,k382,Ketapril,Male,22,29,30,63.46944155,4,45
1029,k382,Ketapril,Male,22,29,35,66.07918483,4,45
1030,k382,Ketapril,Male,22,29,40,67.42095521,4,45
1031,k382,Ketapril,Male,22,29,45,73.715619,4,45
1032,k483,Infubinol,Female,20,30,0,45,0,45
1033,k483,Infubinol,Female,20,30,5,46.61105571,0,45
1034,k483,Infubinol,Female,20,30,10,50.29604123,1,45
1035,k483,Infubinol,Female,20,30,15,53.24445813,1,45
1036,k483,Infubinol,Female,20,30,20,54.77896052,1,45
1037,k483,Infubinol,Female,20,30,25,57.43200731,2,45
1038,k483,Infubinol,Female,20,30,30,59.74707708,2,45
1039,k483,Infubinol,Female,20,30,35,60.54156159,2,45
1040,k483,Infubinol,Female,20,30,40,64.13872489,3,45
1041,k483,Infubinol,Female,20,30,45,66.19691151,3,45
1042,k510,Stelasyn,Female,8,27,0,45,0,20
1043,k510,Stelasyn,Female,8,27,5,46.6084671,0,20
1044,k510,Stelasyn,Female,8,27,10,47.6582498,1,20
1045,k510,Stelasyn,Female,8,27,15,49.6870517,1,20
1046,k510,Stelasyn,Female,8,27,20,52.10557382,1,20
1047,k603,Propriva,Male,2,27,0,45,0,20
1048,k603,Propriva,Male,2,27,5,46.04211582,0,20
1049,k603,Propriva,Male,2,27,10,46.60694676,0,20
1050,k603,Propriva,Male,2,27,15,48.7752855,0,20
1051,k603,Propriva,Male,2,27,20,50.18010935,0,20
1052,k754,Zoniferol,Female,8,26,0,45,0,20
1053,k754,Zoniferol,Female,8,26,5,45.7277604,0,20
1054,k754,Zoniferol,Female,8,26,10,49.74611666,0,20
1055,k754,Zoniferol,Female,8,26,15,51.32356994,0,20
1056,k754,Zoniferol,Female,8,26,20,52.69342276,1,20
1057,k804,Infubinol,Female,23,29,0,45,0,35
1058,k804,Infubinol,Female,23,29,5,48.26620364,0,35
1059,k804,Infubinol,Female,23,29,10,49.47124419,0,35
1060,k804,Infubinol,Female,23,29,15,50.47761824,0,35
1061,k804,Infubinol,Female,23,29,20,54.48451945,0,35
1062,k804,Infubinol,Female,23,29,25,55.67480798,1,35
1063,k804,Infubinol,Female,23,29,30,59.24061511,2,35
1064,k804,Infubinol,Female,23,29,35,62.11727887,2,35
1065,k862,Stelasyn,Female,13,25,0,45,0,45
1066,k862,Stelasyn,Female,13,25,5,49.20305786,0,45
1067,k862,Stelasyn,Female,13,25,10,50.52355007,1,45
1068,k862,Stelasyn,Female,13,25,15,54.47453362,1,45
1069,k862,Stelasyn,Female,13,25,20,57.05784818,1,45
1070,k862,Stelasyn,Female,13,25,25,58.7192973,2,45
1071,k862,Stelasyn,Female,13,25,30,60.60543979,3,45
1072,k862,Stelasyn,Female,13,25,35,66.58072244,3,45
1073,k862,Stelasyn,Female,13,25,40,67.57134128,4,45
1074,k862,Stelasyn,Female,13,25,45,69.29914907,4,45
1075,k894,Zoniferol,Female,13,29,0,45,0,45
1076,k894,Zoniferol,Female,13,29,5,47.64568674,0,45
1077,k894,Zoniferol,Female,13,29,10,49.27287011,1,45
1078,k894,Zoniferol,Female,13,29,15,49.9877657,1,45
1079,k894,Zoniferol,Female,13,29,20,50.98163936,1,45
1080,k894,Zoniferol,Female,13,29,25,52.32583833,2,45
1081,k894,Zoniferol,Female,13,29,30,54.40012279,3,45
1082,k894,Zoniferol,Female,13,29,35,55.36266238,4,45
1083,k894,Zoniferol,Female,13,29,40,58.64705616,4,45
1084,k894,Zoniferol,Female,13,29,45,60.75270417,4,45
1085,l215,Propriva,Male,10,29,0,45,0,10
1086,l215,Propriva,Male,10,29,5,49.48194935,1,10
1087,l215,Propriva,Male,10,29,10,53.6539696,1,10
1088,l264,Ketapril,Female,15,30,0,45,0,10
1089,l264,Ketapril,Female,15,30,5,46.66876646,0,10
1090,l264,Ketapril,Female,15,30,10,50.65958094,0,10
1091,l471,Ceftamin,Female,7,28,0,45,0,45
1092,l471,Ceftamin,Female,7,28,5,46.25187204,0,45
1093,l471,Ceftamin,Female,7,28,10,48.18206306,0,45
1094,l471,Ceftamin,Female,7,28,15,49.40687901,0,45
1095,l471,Ceftamin,Female,7,28,20,52.22832698,0,45
1096,l471,Ceftamin,Female,7,28,25,52.84755893,1,45
1097,l471,Ceftamin,Female,7,28,30,58.09360446,1,45
1098,l471,Ceftamin,Female,7,28,35,61.40599916,1,45
1099,l471,Ceftamin,Female,7,28,40,63.84485785,1,45
1100,l471,Ceftamin,Female,7,28,45,67.74866174,1,45
1101,l490,Ceftamin,Male,24,26,0,45,0,30
1102,l490,Ceftamin,Male,24,26,5,45.61253918,1,30
1103,l490,Ceftamin,Male,24,26,10,47.25960594,1,30
1104,l490,Ceftamin,Male,24,26,15,50.52481268,1,30
1105,l490,Ceftamin,Male,24,26,20,51.90544699,1,30
1106,l490,Ceftamin,Male,24,26,25,55.81003359,2,30
1107,l490,Ceftamin,Male,24,26,30,57.91838132,3,30
1108,l558,Ceftamin,Female,13,30,0,45,0,10
1109,l558,Ceftamin,Female,13,30,5,45.80908882,0,10
1110,l558,Ceftamin,Female,13,30,10,46.78453491,0,10
1111,l661,Ceftamin,Male,18,26,0,45,0,45
1112,l661,Ceftamin,Male,18,26,5,46.26879904,0,45
1113,l661,Ceftamin,Male,18,26,10,49.68361956,0,45
1114,l661,Ceftamin,Male,18,26,15,50.94754484,1,45
1115,l661,Ceftamin,Male,18,26,20,52.61749003,1,45
1116,l661,Ceftamin,Male,18,26,25,53.18065678,2,45
1117,l661,Ceftamin,Male,18,26,30,55.32909936,2,45
1118,l661,Ceftamin,Male,18,26,35,56.47412871,2,45
1119,l661,Ceftamin,Male,18,26,40,59.20566876,3,45
1120,l661,Ceftamin,Male,18,26,45,59.85195552,3,45
1121,l700,Naftisol,Female,18,27,0,45,0,45
1122,l700,Naftisol,Female,18,27,5,45.91837165,0,45
1123,l700,Naftisol,Female,18,27,10,47.01356652,1,45
1124,l700,Naftisol,Female,18,27,15,49.04022529,1,45
1125,l700,Naftisol,Female,18,27,20,50.73476811,1,45
1126,l700,Naftisol,Female,18,27,25,54.23450181,1,45
1127,l700,Naftisol,Female,18,27,30,56.653215,1,45
1128,l700,Naftisol,Female,18,27,35,61.46260354,1,45
1129,l700,Naftisol,Female,18,27,40,62.98667798,1,45
1130,l700,Naftisol,Female,18,27,45,63.94664044,1,45
1131,l725,Naftisol,Female,8,26,0,45,0,45
1132,l725,Naftisol,Female,8,26,5,48.73631881,1,45
1133,l725,Naftisol,Female,8,26,10,50.82391154,2,45
1134,l725,Naftisol,Female,8,26,15,54.24456268,2,45
1135,l725,Naftisol,Female,8,26,20,59.6151548,2,45
1136,l725,Naftisol,Female,8,26,25,65.00882889,2,45
1137,l725,Naftisol,Female,8,26,30,66.59954515,3,45
1138,l725,Naftisol,Female,8,26,35,69.12570173,3,45
1139,l725,Naftisol,Female,8,26,40,73.69349382,3,45
1140,l725,Naftisol,Female,8,26,45,76.66881742,3,45
1141,l733,Ceftamin,Female,4,30,0,45,0,45
1142,l733,Ceftamin,Female,4,30,5,46.17422627,0,45
1143,l733,Ceftamin,Female,4,30,10,48.35495154,0,45
1144,l733,Ceftamin,Female,4,30,15,49.28519504,0,45
1145,l733,Ceftamin,Female,4,30,20,53.24431157,1,45
1146,l733,Ceftamin,Female,4,30,25,54.95166826,1,45
1147,l733,Ceftamin,Female,4,30,30,56.31906537,1,45
1148,l733,Ceftamin,Female,4,30,35,57.60079774,1,45
1149,l733,Ceftamin,Female,4,30,40,59.4435065,1,45
1150,l733,Ceftamin,Female,4,30,45,64.29983003,1,45
1151,l872,Placebo,Male,19,30,0,45,0,0
1152,m133,Naftisol,Female,2,26,0,45,0,25
1153,m133,Naftisol,Female,2,26,5,46.62130127,0,25
1154,m133,Naftisol,Female,2,26,10,47.50333803,0,25
1155,m133,Naftisol,Female,2,26,15,48.6652074,1,25
1156,m133,Naftisol,Female,2,26,20,52.63688249,1,25
1157,m133,Naftisol,Female,2,26,25,54.08243662,2,25
1158,m269,Stelasyn,Female,22,28,0,45,0,45
1159,m269,Stelasyn,Female,22,28,5,49.0111801,0,45
1160,m269,Stelasyn,Female,22,28,10,50.86013006,0,45
1161,m269,Stelasyn,Female,22,28,15,55.9053436,0,45
1162,m269,Stelasyn,Female,22,28,20,61.14586638,0,45
1163,m269,Stelasyn,Female,22,28,25,64.89301976,0,45
1164,m269,Stelasyn,Female,22,28,30,67.71250988,1,45
1165,m269,Stelasyn,Female,22,28,35,68.68991735,1,45
1166,m269,Stelasyn,Female,22,28,40,70.21464419,1,45
1167,m269,Stelasyn,Female,22,28,45,75.12368955,1,45
1168,m331,Zoniferol,Female,19,26,0,45,0,15
1169,m331,Zoniferol,Female,19,26,5,45.52301371,1,15
1170,m331,Zoniferol,Female,19,26,10,47.64687735,1,15
1171,m331,Zoniferol,Female,19,26,15,52.11008758,1,15
1172,m550,Ketapril,Male,18,28,0,45,0,45
1173,m550,Ketapril,Male,18,28,5,49.05409736,1,45
1174,m550,Ketapril,Male,18,28,10,50.54803457,2,45
1175,m550,Ketapril,Male,18,28,15,51.16606544,3,45
1176,m550,Ketapril,Male,18,28,20,53.75794476,3,45
1177,m550,Ketapril,Male,18,28,25,57.62068237,4,45
1178,m550,Ketapril,Male,18,28,30,60.85654272,4,45
1179,m550,Ketapril,Male,18,28,35,62.53915386,4,45
1180,m550,Ketapril,Male,18,28,40,68.21072019,4,45
1181,m550,Ketapril,Male,18,28,45,69.25350312,4,45
1182,m650,Ketapril,Male,15,27,0,45,0,45
1183,m650,Ketapril,Male,15,27,5,48.56249492,1,45
1184,m650,Ketapril,Male,15,27,10,50.96899763,1,45
1185,m650,Ketapril,Male,15,27,15,53.14955933,1,45
1186,m650,Ketapril,Male,15,27,20,56.7779388,2,45
1187,m650,Ketapril,Male,15,27,25,62.2535969,2,45
1188,m650,Ketapril,Male,15,27,30,64.90188755,3,45
1189,m650,Ketapril,Male,15,27,35,69.26574681,4,45
1190,m650,Ketapril,Male,15,27,40,70.79706787,4,45
1191,m650,Ketapril,Male,15,27,45,73.90139912,4,45
1192,m756,Infubinol,Male,19,30,0,45,0,5
1193,m756,Infubinol,Male,19,30,5,47.01036401,1,5
1194,n304,Naftisol,Male,9,26,0,45,0,45
1195,n304,Naftisol,Male,9,26,5,46.43121629,0,45
1196,n304,Naftisol,Male,9,26,10,47.20125097,0,45
1197,n304,Naftisol,Male,9,26,15,48.47797895,0,45
1198,n304,Naftisol,Male,9,26,20,49.25330863,1,45
1199,n304,Naftisol,Male,9,26,25,53.97085924,2,45
1200,n304,Naftisol,Male,9,26,30,55.03901985,3,45
1201,n304,Naftisol,Male,9,26,35,57.12241926,4,45
1202,n304,Naftisol,Male,9,26,40,59.83050667,4,45
1203,n304,Naftisol,Male,9,26,45,63.58639514,4,45
1204,n482,Propriva,Female,4,29,0,45,0,0
1205,n630,Propriva,Female,15,29,0,45,0,5
1206,n630,Propriva,Female,15,29,5,46.09909969,0,5
1207,n671,Infubinol,Male,18,25,0,45,0,30
1208,n671,Infubinol,Male,18,25,5,47.35388938,0,30
1209,n671,Infubinol,Male,18,25,10,51.03935653,0,30
1210,n671,Infubinol,Male,18,25,15,54.21606411,0,30
1211,n671,Infubinol,Male,18,25,20,54.82252091,0,30
1212,n671,Infubinol,Male,18,25,25,56.17445785,0,30
1213,n671,Infubinol,Male,18,25,30,60.16518046,0,30
1214,n678,Propriva,Male,5,29,0,45,0,10
1215,n678,Propriva,Male,5,29,5,47.55428429,0,10
1216,n678,Propriva,Male,5,29,10,49.14570866,1,10
1217,n763,Placebo,Female,16,25,0,45,0,40
1218,n763,Placebo,Female,16,25,5,46.08598142,0,40
1219,n763,Placebo,Female,16,25,10,46.81731526,1,40
1220,n763,Placebo,Female,16,25,15,47.79809961,1,40
1221,n763,Placebo,Female,16,25,20,49.25812581,1,40
1222,n763,Placebo,Female,16,25,25,53.40587053,2,40
1223,n763,Placebo,Female,16,25,30,55.41365961,3,40
1224,n763,Placebo,Female,16,25,35,57.38241296,3,40
1225,n763,Placebo,Female,16,25,40,58.01114583,4,40
1226,n923,Ketapril,Male,19,30,0,45,0,40
1227,n923,Ketapril,Male,19,30,5,45.82488099,0,40
1228,n923,Ketapril,Male,19,30,10,48.79194986,1,40
1229,n923,Ketapril,Male,19,30,15,51.73870623,1,40
1230,n923,Ketapril,Male,19,30,20,52.59920611,1,40
1231,n923,Ketapril,Male,19,30,25,56.85546498,2,40
1232,n923,Ketapril,Male,19,30,30,59.63256052,3,40
1233,n923,Ketapril,Male,19,30,35,60.35629432,3,40
1234,n923,Ketapril,Male,19,30,40,66.22960554,3,40
1235,n967,Zoniferol,Male,11,27,0,45,0,15
1236,n967,Zoniferol,Male,11,27,5,46.07719173,1,15
1237,n967,Zoniferol,Male,11,27,10,47.47172327,1,15
1238,n967,Zoniferol,Male,11,27,15,49.82500362,1,15
1239,o287,Ceftamin,Male,2,28,0,45,0,45
1240,o287,Ceftamin,Male,2,28,5,45.58680362,0,45
1241,o287,Ceftamin,Male,2,28,10,47.36020084,1,45
1242,o287,Ceftamin,Male,2,28,15,48.67945261,1,45
1243,o287,Ceftamin,Male,2,28,20,50.85614078,2,45
1244,o287,Ceftamin,Male,2,28,25,52.06848642,3,45
1245,o287,Ceftamin,Male,2,28,30,54.50300122,3,45
1246,o287,Ceftamin,Male,2,28,35,55.11829029,4,45
1247,o287,Ceftamin,Male,2,28,40,57.1971929,4,45
1248,o287,Ceftamin,Male,2,28,45,59.74190064,4,45
1249,o302,Placebo,Female,2,29,0,45,0,30
1250,o302,Placebo,Female,2,29,5,48.93701188,0,30
1251,o302,Placebo,Female,2,29,10,49.70144989,0,30
1252,o302,Placebo,Female,2,29,15,51.38148886,0,30
1253,o302,Placebo,Female,2,29,20,56.17761143,0,30
1254,o302,Placebo,Female,2,29,25,60.51710253,0,30
1255,o302,Placebo,Female,2,29,30,62.03059364,1,30
1256,o331,Ketapril,Male,24,30,0,45,0,45
1257,o331,Ketapril,Male,24,30,5,47.05966408,1,45
1258,o331,Ketapril,Male,24,30,10,50.12845481,1,45
1259,o331,Ketapril,Male,24,30,15,54.78976769,1,45
1260,o331,Ketapril,Male,24,30,20,58.96572043,1,45
1261,o331,Ketapril,Male,24,30,25,61.10230575,1,45
1262,o331,Ketapril,Male,24,30,30,66.33066347,1,45
1263,o331,Ketapril,Male,24,30,35,70.12623754,2,45
1264,o331,Ketapril,Male,24,30,40,71.44774251,3,45
1265,o331,Ketapril,Male,24,30,45,78.56701362,4,45
1266,o523,Propriva,Female,6,25,0,45,0,10
1267,o523,Propriva,Female,6,25,5,45.54470008,0,10
1268,o523,Propriva,Female,6,25,10,47.0810859,1,10
1269,o562,Propriva,Female,4,25,0,45,0,45
1270,o562,Propriva,Female,4,25,5,46.51495016,1,45
1271,o562,Propriva,Female,4,25,10,47.14767002,1,45
1272,o562,Propriva,Female,4,25,15,51.50508551,1,45
1273,o562,Propriva,Female,4,25,20,53.61686347,1,45
1274,o562,Propriva,Female,4,25,25,54.74273316,1,45
1275,o562,Propriva,Female,4,25,30,59.65352453,1,45
1276,o562,Propriva,Female,4,25,35,65.36076742,1,45
1277,o562,Propriva,Female,4,25,40,71.17246321,1,45
1278,o562,Propriva,Female,4,25,45,72.45542116,2,45
1279,o725,Naftisol,Male,4,26,0,45,0,15
1280,o725,Naftisol,Male,4,26,5,46.88982098,0,15
1281,o725,Naftisol,Male,4,26,10,48.199452,0,15
1282,o725,Naftisol,Male,4,26,15,50.01507902,1,15
1283,o795,Placebo,Female,20,26,0,45,0,45
1284,o795,Placebo,Female,20,26,5,46.76092721,1,45
1285,o795,Placebo,Female,20,26,10,51.1237037,1,45
1286,o795,Placebo,Female,20,26,15,55.88633793,2,45
1287,o795,Placebo,Female,20,26,20,60.61005916,3,45
1288,o795,Placebo,Female,20,26,25,65.74177723,4,45
1289,o795,Placebo,Female,20,26,30,68.21706974,4,45
1290,o795,Placebo,Female,20,26,35,69.08509415,4,45
1291,o795,Placebo,Female,20,26,40,70.26647887,4,45
1292,o795,Placebo,Female,20,26,45,73.05945435,4,45
1293,o809,Infubinol,Male,3,25,0,45,0,35
1294,o809,Infubinol,Male,3,25,5,46.87724316,0,35
1295,o809,Infubinol,Male,3,25,10,48.6707318,0,35
1296,o809,Infubinol,Male,3,25,15,49.68344504,1,35
1297,o809,Infubinol,Male,3,25,20,50.33655288,1,35
1298,o809,Infubinol,Male,3,25,25,52.31817407,1,35
1299,o809,Infubinol,Male,3,25,30,54.8326288,1,35
1300,o809,Infubinol,Male,3,25,35,55.62942846,1,35
1301,o813,Infubinol,Male,24,28,0,45,0,5
1302,o813,Infubinol,Male,24,28,5,45.69933088,0,5
1303,o848,Stelasyn,Female,14,27,0,45,0,0
1304,o926,Zoniferol,Male,15,29,0,45,0,45
1305,o926,Zoniferol,Male,15,29,5,46.76116373,0,45
1306,o926,Zoniferol,Male,15,29,10,47.56567364,1,45
1307,o926,Zoniferol,Male,15,29,15,48.25424839,1,45
1308,o926,Zoniferol,Male,15,29,20,51.82663825,2,45
1309,o926,Zoniferol,Male,15,29,25,54.76333852,3,45
1310,o926,Zoniferol,Male,15,29,30,56.91739838,3,45
1311,o926,Zoniferol,Male,15,29,35,58.59399318,3,45
1312,o926,Zoniferol,Male,15,29,40,59.90304448,3,45
1313,o926,Zoniferol,Male,15,29,45,62.32796606,4,45
1314,o973,Ketapril,Female,11,29,0,45,0,40
1315,o973,Ketapril,Female,11,29,5,46.71787727,0,40
1316,o973,Ketapril,Female,11,29,10,48.24579043,0,40
1317,o973,Ketapril,Female,11,29,15,49.87193582,0,40
1318,o973,Ketapril,Female,11,29,20,51.9569931,1,40
1319,o973,Ketapril,Female,11,29,25,53.17981471,1,40
1320,o973,Ketapril,Female,11,29,30,57.76995952,1,40
1321,o973,Ketapril,Female,11,29,35,60.24221931,1,40
1322,o973,Ketapril,Female,11,29,40,64.48781246,2,40
1323,p136,Zoniferol,Female,5,28,0,45,0,45
1324,p136,Zoniferol,Female,5,28,5,49.27397096,0,45
1325,p136,Zoniferol,Female,5,28,10,50.90789028,0,45
1326,p136,Zoniferol,Female,5,28,15,51.99141616,1,45
1327,p136,Zoniferol,Female,5,28,20,54.91379857,1,45
1328,p136,Zoniferol,Female,5,28,25,56.28147652,1,45
1329,p136,Zoniferol,Female,5,28,30,57.05280546,1,45
1330,p136,Zoniferol,Female,5,28,35,57.63078195,1,45
1331,p136,Zoniferol,Female,5,28,40,61.38024887,1,45
1332,p136,Zoniferol,Female,5,28,45,63.48869678,2,45
1333,p189,Ketapril,Male,8,28,0,45,0,45
1334,p189,Ketapril,Male,8,28,5,49.04870704,1,45
1335,p189,Ketapril,Male,8,28,10,51.58216168,2,45
1336,p189,Ketapril,Male,8,28,15,53.6755415,2,45
1337,p189,Ketapril,Male,8,28,20,56.53020447,3,45
1338,p189,Ketapril,Male,8,28,25,62.10895956,3,45
1339,p189,Ketapril,Male,8,28,30,67.10453665,4,45
1340,p189,Ketapril,Male,8,28,35,67.87377675,4,45
1341,p189,Ketapril,Male,8,28,40,74.10609077,4,45
1342,p189,Ketapril,Male,8,28,45,75.2949359,4,45
1343,p310,Propriva,Male,6,26,0,45,0,25
1344,p310,Propriva,Male,6,26,5,46.55853236,1,25
1345,p310,Propriva,Male,6,26,10,48.66560668,1,25
1346,p310,Propriva,Male,6,26,15,49.77074144,1,25
1347,p310,Propriva,Male,6,26,20,54.20518054,1,25
1348,p310,Propriva,Male,6,26,25,55.34183416,2,25
1349,p387,Stelasyn,Male,3,30,0,45,0,40
1350,p387,Stelasyn,Male,3,30,5,48.66763075,0,40
1351,p387,Stelasyn,Male,3,30,10,53.36296294,0,40
1352,p387,Stelasyn,Male,3,30,15,55.25138033,0,40
1353,p387,Stelasyn,Male,3,30,20,56.5876168,0,40
1354,p387,Stelasyn,Male,3,30,25,58.09848946,0,40
1355,p387,Stelasyn,Male,3,30,30,63.26924552,0,40
1356,p387,Stelasyn,Male,3,30,35,66.4922038,1,40
1357,p387,Stelasyn,Male,3,30,40,69.03887618,1,40
1358,p438,Ceftamin,Female,11,26,0,45,0,45
1359,p438,Ceftamin,Female,11,26,5,46.82793418,0,45
1360,p438,Ceftamin,Female,11,26,10,50.51749789,0,45
1361,p438,Ceftamin,Female,11,26,15,52.19836818,0,45
1362,p438,Ceftamin,Female,11,26,20,52.90529861,0,45
1363,p438,Ceftamin,Female,11,26,25,54.51057493,0,45
1364,p438,Ceftamin,Female,11,26,30,56.40642173,0,45
1365,p438,Ceftamin,Female,11,26,35,57.53855546,1,45
1366,p438,Ceftamin,Female,11,26,40,59.30528806,1,45
1367,p438,Ceftamin,Female,11,26,45,61.43389223,1,45
1368,p981,Stelasyn,Male,20,29,0,45,0,35
1369,p981,Stelasyn,Male,20,29,5,47.00062717,0,35
1370,p981,Stelasyn,Male,20,29,10,47.54584585,0,35
1371,p981,Stelasyn,Male,20,29,15,49.65770973,0,35
1372,p981,Stelasyn,Male,20,29,20,50.35806947,0,35
1373,p981,Stelasyn,Male,20,29,25,52.5447048,1,35
1374,p981,Stelasyn,Male,20,29,30,56.33910432,1,35
1375,p981,Stelasyn,Male,20,29,35,59.13102297,1,35
1376,q119,Ketapril,Male,17,30,0,45,0,10
1377,q119,Ketapril,Male,17,30,5,47.86444,0,10
1378,q119,Ketapril,Male,17,30,10,51.23660557,0,10
1379,q132,Infubinol,Female,1,30,0,45,0,30
1380,q132,Infubinol,Female,1,30,5,46.7163985,1,30
1381,q132,Infubinol,Female,1,30,10,47.95384377,2,30
1382,q132,Infubinol,Female,1,30,15,49.15974862,3,30
1383,q132,Infubinol,Female,1,30,20,51.90902494,4,30
1384,q132,Infubinol,Female,1,30,25,52.7804893,4,30
1385,q132,Infubinol,Female,1,30,30,54.65654872,4,30
1386,q483,Ceftamin,Male,6,26,0,45,0,40
1387,q483,Ceftamin,Male,6,26,5,46.77681624,1,40
1388,q483,Ceftamin,Male,6,26,10,47.8391005,1,40
1389,q483,Ceftamin,Male,6,26,15,48.4684826,1,40
1390,q483,Ceftamin,Male,6,26,20,50.2398558,1,40
1391,q483,Ceftamin,Male,6,26,25,52.43006649,1,40
1392,q483,Ceftamin,Male,6,26,30,54.95222585,1,40
1393,q483,Ceftamin,Male,6,26,35,59.25348433,1,40
1394,q483,Ceftamin,Male,6,26,40,64.19234114,1,40
1395,q511,Zoniferol,Female,2,28,0,45,0,45
1396,q511,Zoniferol,Female,2,28,5,45.83265378,0,45
1397,q511,Zoniferol,Female,2,28,10,50.31164687,0,45
1398,q511,Zoniferol,Female,2,28,15,52.13308139,0,45
1399,q511,Zoniferol,Female,2,28,20,52.67271205,0,45
1400,q511,Zoniferol,Female,2,28,25,57.25758287,0,45
1401,q511,Zoniferol,Female,2,28,30,59.3643535,1,45
1402,q511,Zoniferol,Female,2,28,35,60.83866059,1,45
1403,q511,Zoniferol,Female,2,28,40,63.19442807,2,45
1404,q511,Zoniferol,Female,2,28,45,68.61106075,3,45
1405,q582,Placebo,Male,5,30,0,45,0,35
1406,q582,Placebo,Male,5,30,5,45.95539895,1,35
1407,q582,Placebo,Male,5,30,10,47.01357514,1,35
1408,q582,Placebo,Male,5,30,15,48.32264018,2,35
1409,q582,Placebo,Male,5,30,20,51.18597648,2,35
1410,q582,Placebo,Male,5,30,25,51.96821056,2,35
1411,q582,Placebo,Male,5,30,30,52.6488935,2,35
1412,q582,Placebo,Male,5,30,35,53.71315792,2,35
1413,q633,Zoniferol,Male,12,25,0,45,0,45
1414,q633,Zoniferol,Male,12,25,5,47.18380215,0,45
1415,q633,Zoniferol,Male,12,25,10,49.00186559,0,45
1416,q633,Zoniferol,Male,12,25,15,50.5835573,1,45
1417,q633,Zoniferol,Male,12,25,20,53.28728681,1,45
1418,q633,Zoniferol,Male,12,25,25,55.6831017,1,45
1419,q633,Zoniferol,Male,12,25,30,58.05725257,1,45
1420,q633,Zoniferol,Male,12,25,35,63.1256593,1,45
1421,q633,Zoniferol,Male,12,25,40,68.49863876,2,45
1422,q633,Zoniferol,Male,12,25,45,70.82779631,2,45
1423,q787,Placebo,Male,17,27,0,45,0,45
1424,q787,Placebo,Male,17,27,5,47.11661587,0,45
1425,q787,Placebo,Male,17,27,10,48.59386234,1,45
1426,q787,Placebo,Male,17,27,15,49.21773243,2,45
1427,q787,Placebo,Male,17,27,20,50.22993419,2,45
1428,q787,Placebo,Male,17,27,25,52.71318786,2,45
1429,q787,Placebo,Male,17,27,30,55.03620625,2,45
1430,q787,Placebo,Male,17,27,35,60.33385242,3,45
1431,q787,Placebo,Male,17,27,40,62.0341267,3,45
1432,q787,Placebo,Male,17,27,45,66.09647477,3,45
1433,r107,Propriva,Female,2,28,0,45,0,30
1434,r107,Propriva,Female,2,28,5,48.51342027,0,30
1435,r107,Propriva,Female,2,28,10,49.18601052,0,30
1436,r107,Propriva,Female,2,28,15,53.09033546,0,30
1437,r107,Propriva,Female,2,28,20,55.2638584,0,30
1438,r107,Propriva,Female,2,28,25,57.70666715,1,30
1439,r107,Propriva,Female,2,28,30,58.40647256,1,30
1440,r157,Capomulin,Male,22,25,0,45,0,15
1441,r157,Capomulin,Male,22,25,5,45.59706359,0,15
1442,r157,Capomulin,Male,22,25,10,46.05960827,0,15
1443,r157,Capomulin,Male,22,25,15,46.53920617,0,15
1444,r604,Naftisol,Male,7,30,0,45,0,45
1445,r604,Naftisol,Male,7,30,5,47.06774448,1,45
1446,r604,Naftisol,Male,7,30,10,48.78655957,1,45
1447,r604,Naftisol,Male,7,30,15,51.07452073,1,45
1448,r604,Naftisol,Male,7,30,20,51.90275292,1,45
1449,r604,Naftisol,Male,7,30,25,52.93685812,1,45
1450,r604,Naftisol,Male,7,30,30,54.68821536,2,45
1451,r604,Naftisol,Male,7,30,35,59.21700015,2,45
1452,r604,Naftisol,Male,7,30,40,60.18611531,2,45
1453,r604,Naftisol,Male,7,30,45,62.67075904,3,45
1454,r701,Naftisol,Male,21,25,0,45,0,45
1455,r701,Naftisol,Male,21,25,5,46.88697137,0,45
1456,r701,Naftisol,Male,21,25,10,49.65459636,0,45
1457,r701,Naftisol,Male,21,25,15,52.48480443,0,45
1458,r701,Naftisol,Male,21,25,20,54.11413742,0,45
1459,r701,Naftisol,Male,21,25,25,57.89848998,1,45
1460,r701,Naftisol,Male,21,25,30,60.34181872,1,45
1461,r701,Naftisol,Male,21,25,35,64.73001045,1,45
1462,r701,Naftisol,Male,21,25,40,66.64072178,1,45
1463,r701,Naftisol,Male,21,25,45,69.77854407,1,45
1464,r850,Placebo,Male,5,30,0,45,0,15
1465,r850,Placebo,Male,5,30,5,46.86291194,0,15
1466,r850,Placebo,Male,5,30,10,48.51509085,1,15
1467,r850,Placebo,Male,5,30,15,50.21860469,1,15
1468,s121,Infubinol,Male,23,26,0,45,0,25
1469,s121,Infubinol,Male,23,26,5,45.63566174,1,25
1470,s121,Infubinol,Male,23,26,10,49.04883479,1,25
1471,s121,Infubinol,Male,23,26,15,50.82456031,2,25
1472,s121,Infubinol,Male,23,26,20,52.0050659,2,25
1473,s121,Infubinol,Male,23,26,25,55.65068132,2,25
1474,s141,Propriva,Male,8,25,0,45,0,30
1475,s141,Propriva,Male,8,25,5,45.83113434,0,30
1476,s141,Propriva,Male,8,25,10,47.23569156,0,30
1477,s141,Propriva,Male,8,25,15,49.23234538,1,30
1478,s141,Propriva,Male,8,25,20,51.6216457,1,30
1479,s141,Propriva,Male,8,25,25,53.80437038,1,30
1480,s141,Propriva,Male,8,25,30,55.84141007,1,30
1481,s152,Placebo,Female,4,30,0,45,0,25
1482,s152,Placebo,Female,4,30,5,47.4590529,1,25
1483,s152,Placebo,Female,4,30,10,52.1816442,2,25
1484,s152,Placebo,Female,4,30,15,57.22498064,2,25
1485,s152,Placebo,Female,4,30,20,62.35160945,2,25
1486,s152,Placebo,Female,4,30,25,64.11914213,2,25
1487,s166,Placebo,Male,19,27,0,45,0,10
1488,s166,Placebo,Male,19,27,5,47.18678778,0,10
1489,s166,Placebo,Male,19,27,10,49.00012468,0,10
1490,s187,Propriva,Male,22,25,0,45,0,30
1491,s187,Propriva,Male,22,25,5,47.57671761,1,30
1492,s187,Propriva,Male,22,25,10,48.14635121,1,30
1493,s187,Propriva,Male,22,25,15,52.08163225,1,30
1494,s187,Propriva,Male,22,25,20,53.74473406,1,30
1495,s187,Propriva,Male,22,25,25,56.48521984,1,30
1496,s187,Propriva,Male,22,25,30,60.00878263,2,30
1497,s337,Zoniferol,Male,14,27,0,45,0,45
1498,s337,Zoniferol,Male,14,27,5,46.84985157,0,45
1499,s337,Zoniferol,Male,14,27,10,47.8944415,0,45
1500,s337,Zoniferol,Male,14,27,15,48.57151582,0,45
1501,s337,Zoniferol,Male,14,27,20,49.20205408,1,45
1502,s337,Zoniferol,Male,14,27,25,50.9706889,2,45
1503,s337,Zoniferol,Male,14,27,30,52.74771768,3,45
1504,s337,Zoniferol,Male,14,27,35,54.81081251,3,45
1505,s337,Zoniferol,Male,14,27,40,56.99481589,4,45
1506,s337,Zoniferol,Male,14,27,45,62.10965102,4,45
1507,s565,Stelasyn,Female,3,29,0,45,0,45
1508,s565,Stelasyn,Female,3,29,5,48.24255218,0,45
1509,s565,Stelasyn,Female,3,29,10,52.7775271,0,45
1510,s565,Stelasyn,Female,3,29,15,54.32831664,1,45
1511,s565,Stelasyn,Female,3,29,20,57.04618912,1,45
1512,s565,Stelasyn,Female,3,29,25,58.55361079,1,45
1513,s565,Stelasyn,Female,3,29,30,63.66896678,1,45
1514,s565,Stelasyn,Female,3,29,35,64.77657909,2,45
1515,s565,Stelasyn,Female,3,29,40,67.22100698,2,45
1516,s565,Stelasyn,Female,3,29,45,72.58896447,2,45
1517,s619,Stelasyn,Male,22,30,0,45,0,5
1518,s619,Stelasyn,Male,22,30,5,46.60226878,0,5
1519,t198,Propriva,Male,22,26,0,45,0,45
1520,t198,Propriva,Male,22,26,5,47.46126052,0,45
1521,t198,Propriva,Male,22,26,10,49.00080978,1,45
1522,t198,Propriva,Male,22,26,15,49.7811808,2,45
1523,t198,Propriva,Male,22,26,20,51.49073998,3,45
1524,t198,Propriva,Male,22,26,25,56.18466399,3,45
1525,t198,Propriva,Male,22,26,30,56.92497431,3,45
1526,t198,Propriva,Male,22,26,35,57.73594116,3,45
1527,t198,Propriva,Male,22,26,40,59.12995997,4,45
1528,t198,Propriva,Male,22,26,45,64.91136268,4,45
1529,t451,Stelasyn,Male,8,29,0,45,0,45
1530,t451,Stelasyn,Male,8,29,5,48.04713882,0,45
1531,t451,Stelasyn,Male,8,29,10,48.95791906,0,45
1532,t451,Stelasyn,Male,8,29,15,49.65278772,0,45
1533,t451,Stelasyn,Male,8,29,20,51.06367793,0,45
1534,t451,Stelasyn,Male,8,29,25,55.52755345,0,45
1535,t451,Stelasyn,Male,8,29,30,59.27582268,0,45
1536,t451,Stelasyn,Male,8,29,35,63.75698964,0,45
1537,t451,Stelasyn,Male,8,29,40,67.65479599,1,45
1538,t451,Stelasyn,Male,8,29,45,68.7116302,1,45
1539,t573,Ceftamin,Female,15,27,0,45,0,0
1540,t718,Placebo,Female,10,30,0,45,0,45
1541,t718,Placebo,Female,10,30,5,45.92125272,1,45
1542,t718,Placebo,Female,10,30,10,46.39268805,1,45
1543,t718,Placebo,Female,10,30,15,48.08512552,1,45
1544,t718,Placebo,Female,10,30,20,52.6367,2,45
1545,t718,Placebo,Female,10,30,25,55.87658787,3,45
1546,t718,Placebo,Female,10,30,30,57.70411372,3,45
1547,t718,Placebo,Female,10,30,35,60.46389851,3,45
1548,t718,Placebo,Female,10,30,40,61.5303989,3,45
1549,t718,Placebo,Female,10,30,45,63.42369517,4,45
1550,t724,Naftisol,Female,2,25,0,45,0,45
1551,t724,Naftisol,Female,2,25,5,46.35925829,0,45
1552,t724,Naftisol,Female,2,25,10,50.70389965,0,45
1553,t724,Naftisol,Female,2,25,15,55.58461724,0,45
1554,t724,Naftisol,Female,2,25,20,57.22940914,0,45
1555,t724,Naftisol,Female,2,25,25,59.82606797,1,45
1556,t724,Naftisol,Female,2,25,30,64.2345947,2,45
1557,t724,Naftisol,Female,2,25,35,67.74432795,2,45
1558,t724,Naftisol,Female,2,25,40,69.72832559,2,45
1559,t724,Naftisol,Female,2,25,45,75.11328801,2,45
1560,t994,Placebo,Male,14,30,0,45,0,20
1561,t994,Placebo,Male,14,30,5,47.8914871,0,20
1562,t994,Placebo,Male,14,30,10,52.6141635,1,20
1563,t994,Placebo,Male,14,30,15,53.45863887,1,20
1564,t994,Placebo,Male,14,30,20,56.52795159,1,20
1565,u149,Ceftamin,Male,24,29,0,45,0,25
1566,u149,Ceftamin,Male,24,29,5,45.79206792,0,25
1567,u149,Ceftamin,Male,24,29,10,47.40483439,0,25
1568,u149,Ceftamin,Male,24,29,15,48.52237343,0,25
1569,u149,Ceftamin,Male,24,29,20,50.37805789,0,25
1570,u149,Ceftamin,Male,24,29,25,52.92534846,0,25
1571,u153,Ceftamin,Female,11,25,0,45,0,0
1572,u327,Ketapril,Male,17,25,0,45,0,45
1573,u327,Ketapril,Male,17,25,5,45.69418805,0,45
1574,u327,Ketapril,Male,17,25,10,49.23525948,0,45
1575,u327,Ketapril,Male,17,25,15,50.65996437,0,45
1576,u327,Ketapril,Male,17,25,20,53.18987907,0,45
1577,u327,Ketapril,Male,17,25,25,56.05963409,0,45
1578,u327,Ketapril,Male,17,25,30,57.31407239,0,45
1579,u327,Ketapril,Male,17,25,35,58.08902837,1,45
1580,u327,Ketapril,Male,17,25,40,60.46654541,1,45
1581,u327,Ketapril,Male,17,25,45,66.26880133,2,45
1582,u946,Propriva,Male,5,30,0,45,0,20
1583,u946,Propriva,Male,5,30,5,45.9918078,1,20
1584,u946,Propriva,Male,5,30,10,46.73050592,1,20
1585,u946,Propriva,Male,5,30,15,47.67302921,1,20
1586,u946,Propriva,Male,5,30,20,49.11004966,1,20
1587,v199,Naftisol,Female,17,29,0,45,0,0
1588,v289,Ketapril,Female,3,26,0,45,0,25
1589,v289,Ketapril,Female,3,26,5,46.20446003,0,25
1590,v289,Ketapril,Female,3,26,10,48.13348207,0,25
1591,v289,Ketapril,Female,3,26,15,52.60216564,0,25
1592,v289,Ketapril,Female,3,26,20,54.25005397,0,25
1593,v289,Ketapril,Female,3,26,25,56.72009545,0,25
1594,v295,Naftisol,Female,2,27,0,45,0,40
1595,v295,Naftisol,Female,2,27,5,46.11181797,1,40
1596,v295,Naftisol,Female,2,27,10,47.53946216,2,40
1597,v295,Naftisol,Female,2,27,15,50.66605391,2,40
1598,v295,Naftisol,Female,2,27,20,55.73137535,3,40
1599,v295,Naftisol,Female,2,27,25,57.69185918,3,40
1600,v295,Naftisol,Female,2,27,30,59.33377202,3,40
1601,v295,Naftisol,Female,2,27,35,61.89315267,3,40
1602,v295,Naftisol,Female,2,27,40,65.46607444,3,40
1603,v339,Infubinol,Male,20,26,0,45,0,5
1604,v339,Infubinol,Male,20,26,5,46.25011212,0,5
1605,v409,Placebo,Female,16,25,0,45,0,10
1606,v409,Placebo,Female,16,25,5,46.22079642,0,10
1607,v409,Placebo,Female,16,25,10,50.64903842,1,10
1608,v603,Ketapril,Female,22,30,0,45,0,35
1609,v603,Ketapril,Female,22,30,5,46.01600593,0,35
1610,v603,Ketapril,Female,22,30,10,47.8305568,0,35
1611,v603,Ketapril,Female,22,30,15,52.10294744,0,35
1612,v603,Ketapril,Female,22,30,20,53.72124193,0,35
1613,v603,Ketapril,Female,22,30,25,56.07523001,1,35
1614,v603,Ketapril,Female,22,30,30,57.99055378,1,35
1615,v603,Ketapril,Female,22,30,35,63.18943184,1,35
1616,v719,Infubinol,Female,17,30,0,45,0,20
1617,v719,Infubinol,Female,17,30,5,47.18836325,0,20
1618,v719,Infubinol,Female,17,30,10,51.49705412,1,20
1619,v719,Infubinol,Female,17,30,15,52.60910758,1,20
1620,v719,Infubinol,Female,17,30,20,54.04860769,1,20
1621,v764,Stelasyn,Female,5,30,0,45,0,15
1622,v764,Stelasyn,Female,5,30,5,47.05418474,0,15
1623,v764,Stelasyn,Female,5,30,10,48.18900062,1,15
1624,v764,Stelasyn,Female,5,30,15,49.41262418,2,15
1625,v766,Infubinol,Male,16,27,0,45,0,15
1626,v766,Infubinol,Male,16,27,5,48.15125091,1,15
1627,v766,Infubinol,Male,16,27,10,50.36310988,1,15
1628,v766,Infubinol,Male,16,27,15,51.54243058,1,15
1629,v835,Naftisol,Male,7,29,0,45,0,20
1630,v835,Naftisol,Male,7,29,5,47.15601071,0,20
1631,v835,Naftisol,Male,7,29,10,48.96591797,0,20
1632,v835,Naftisol,Male,7,29,15,50.54520646,1,20
1633,v835,Naftisol,Male,7,29,20,51.29654266,2,20
1634,v989,Placebo,Male,4,25,0,45,0,10
1635,v989,Placebo,Male,4,25,5,48.85813451,0,10
1636,v989,Placebo,Male,4,25,10,52.61468889,1,10
1637,v991,Propriva,Female,10,30,0,45,0,45
1638,v991,Propriva,Female,10,30,5,49.21432799,1,45
1639,v991,Propriva,Female,10,30,10,52.6449057,1,45
1640,v991,Propriva,Female,10,30,15,54.588591,1,45
1641,v991,Propriva,Female,10,30,20,57.74069459,2,45
1642,v991,Propriva,Female,10,30,25,60.01674733,2,45
1643,v991,Propriva,Female,10,30,30,62.74364308,3,45
1644,v991,Propriva,Female,10,30,35,63.89531294,4,45
1645,v991,Propriva,Female,10,30,40,64.8511286,4,45
1646,v991,Propriva,Female,10,30,45,70.16774899,4,45
1647,w140,Zoniferol,Female,19,30,0,45,0,5
1648,w140,Zoniferol,Female,19,30,5,47.71795156,0,5
1649,w151,Ceftamin,Male,24,25,0,45,0,45
1650,w151,Ceftamin,Male,24,25,5,45.54607595,1,45
1651,w151,Ceftamin,Male,24,25,10,46.50147609,1,45
1652,w151,Ceftamin,Male,24,25,15,47.24292865,1,45
1653,w151,Ceftamin,Male,24,25,20,49.55426295,2,45
1654,w151,Ceftamin,Male,24,25,25,51.8690587,2,45
1655,w151,Ceftamin,Male,24,25,30,56.76715821,2,45
1656,w151,Ceftamin,Male,24,25,35,58.33914095,2,45
1657,w151,Ceftamin,Male,24,25,40,62.18795039,2,45
1658,w151,Ceftamin,Male,24,25,45,67.52748237,3,45
1659,w167,Placebo,Female,6,28,0,45,0,35
1660,w167,Placebo,Female,6,28,5,48.78627194,0,35
1661,w167,Placebo,Female,6,28,10,51.82640965,0,35
1662,w167,Placebo,Female,6,28,15,53.90048909,0,35
1663,w167,Placebo,Female,6,28,20,57.54815669,0,35
1664,w167,Placebo,Female,6,28,25,61.86857673,0,35
1665,w167,Placebo,Female,6,28,30,67.19787186,0,35
1666,w167,Placebo,Female,6,28,35,68.13428817,0,35
1667,w193,Infubinol,Male,22,30,0,45,0,20
1668,w193,Infubinol,Male,22,30,5,45.49385802,0,20
1669,w193,Infubinol,Male,22,30,10,48.34655046,0,20
1670,w193,Infubinol,Male,22,30,15,49.38557373,0,20
1671,w193,Infubinol,Male,22,30,20,50.00513807,0,20
1672,w350,Propriva,Male,7,26,0,45,0,45
1673,w350,Propriva,Male,7,26,5,48.23211311,0,45
1674,w350,Propriva,Male,7,26,10,48.89955238,0,45
1675,w350,Propriva,Male,7,26,15,50.8546323,1,45
1676,w350,Propriva,Male,7,26,20,52.13232061,1,45
1677,w350,Propriva,Male,7,26,25,52.80591518,1,45
1678,w350,Propriva,Male,7,26,30,55.87990896,1,45
1679,w350,Propriva,Male,7,26,35,56.68355758,1,45
1680,w350,Propriva,Male,7,26,40,62.32434769,2,45
1681,w350,Propriva,Male,7,26,45,64.95756185,2,45
1682,w422,Ketapril,Female,18,26,0,45,0,45
1683,w422,Ketapril,Female,18,26,5,48.45745927,0,45
1684,w422,Ketapril,Female,18,26,10,49.93597024,0,45
1685,w422,Ketapril,Female,18,26,15,52.24630985,0,45
1686,w422,Ketapril,Female,18,26,20,53.67624336,1,45
1687,w422,Ketapril,Female,18,26,25,56.95791715,2,45
1688,w422,Ketapril,Female,18,26,30,60.09663467,3,45
1689,w422,Ketapril,Female,18,26,35,61.40961994,4,45
1690,w422,Ketapril,Female,18,26,40,63.07258467,4,45
1691,w422,Ketapril,Female,18,26,45,67.98953001,4,45
1692,w540,Stelasyn,Female,8,26,0,45,0,25
1693,w540,Stelasyn,Female,8,26,5,45.88537038,1,25
1694,w540,Stelasyn,Female,8,26,10,47.45906658,1,25
1695,w540,Stelasyn,Female,8,26,15,48.25014636,2,25
1696,w540,Stelasyn,Female,8,26,20,50.67272745,2,25
1697,w540,Stelasyn,Female,8,26,25,52.60026955,2,25
1698,w575,Zoniferol,Female,16,28,0,45,0,45
1699,w575,Zoniferol,Female,16,28,5,48.91385977,1,45
1700,w575,Zoniferol,Female,16,28,10,50.13595547,1,45
1701,w575,Zoniferol,Female,16,28,15,50.86745176,1,45
1702,w575,Zoniferol,Female,16,28,20,55.5918155,1,45
1703,w575,Zoniferol,Female,16,28,25,58.58732169,1,45
1704,w575,Zoniferol,Female,16,28,30,60.15306524,1,45
1705,w575,Zoniferol,Female,16,28,35,63.68644503,2,45
1706,w575,Zoniferol,Female,16,28,40,64.93840621,3,45
1707,w575,Zoniferol,Female,16,28,45,68.40128593,3,45
1708,w584,Infubinol,Male,3,29,0,45,0,30
1709,w584,Infubinol,Male,3,29,5,46.05193075,0,30
1710,w584,Infubinol,Male,3,29,10,47.29850794,0,30
1711,w584,Infubinol,Male,3,29,15,51.26543971,0,30
1712,w584,Infubinol,Male,3,29,20,53.32350743,1,30
1713,w584,Infubinol,Male,3,29,25,55.65083791,1,30
1714,w584,Infubinol,Male,3,29,30,58.26844248,1,30
1715,w697,Stelasyn,Female,14,30,0,45,0,35
1716,w697,Stelasyn,Female,14,30,5,48.30182261,1,35
1717,w697,Stelasyn,Female,14,30,10,48.925056,2,35
1718,w697,Stelasyn,Female,14,30,15,52.65726519,2,35
1719,w697,Stelasyn,Female,14,30,20,54.22809098,3,35
1720,w697,Stelasyn,Female,14,30,25,57.6103943,3,35
1721,w697,Stelasyn,Female,14,30,30,60.72063591,3,35
1722,w697,Stelasyn,Female,14,30,35,63.68904216,3,35
1723,w746,Propriva,Male,1,26,0,45,0,5
1724,w746,Propriva,Male,1,26,5,49.45327005,0,5
1725,x111,Propriva,Female,24,27,0,45,0,10
1726,x111,Propriva,Female,24,27,5,46.94101498,1,10
1727,x111,Propriva,Female,24,27,10,49.12296898,1,10
1728,x209,Propriva,Female,7,29,0,45,0,10
1729,x209,Propriva,Female,7,29,5,46.75426887,0,10
1730,x209,Propriva,Female,7,29,10,48.92989543,0,10
1731,x226,Ceftamin,Male,23,28,0,45,0,0
1732,x264,Naftisol,Female,21,27,0,45,0,40
1733,x264,Naftisol,Female,21,27,5,47.0384145,0,40
1734,x264,Naftisol,Female,21,27,10,47.88712765,1,40
1735,x264,Naftisol,Female,21,27,15,50.00231403,1,40
1736,x264,Naftisol,Female,21,27,20,53.07426973,1,40
1737,x264,Naftisol,Female,21,27,25,56.89105283,2,40
1738,x264,Naftisol,Female,21,27,30,58.15869423,3,40
1739,x264,Naftisol,Female,21,27,35,61.29960778,4,40
1740,x264,Naftisol,Female,21,27,40,63.28328821,4,40
1741,x336,Naftisol,Female,4,29,0,45,0,0
1742,x402,Stelasyn,Male,21,28,0,45,0,45
1743,x402,Stelasyn,Male,21,28,5,46.32757027,1,45
1744,x402,Stelasyn,Male,21,28,10,46.88696249,1,45
1745,x402,Stelasyn,Male,21,28,15,49.1199478,1,45
1746,x402,Stelasyn,Male,21,28,20,50.41475041,2,45
1747,x402,Stelasyn,Male,21,28,25,52.43173664,2,45
1748,x402,Stelasyn,Male,21,28,30,54.35158463,3,45
1749,x402,Stelasyn,Male,21,28,35,55.24096223,3,45
1750,x402,Stelasyn,Male,21,28,40,56.69172294,3,45
1751,x402,Stelasyn,Male,21,28,45,61.61960615,3,45
1752,x581,Ceftamin,Female,19,28,0,45,0,45
1753,x581,Ceftamin,Female,19,28,5,47.1969266,0,45
1754,x581,Ceftamin,Female,19,28,10,49.06702788,1,45
1755,x581,Ceftamin,Female,19,28,15,49.74642744,2,45
1756,x581,Ceftamin,Female,19,28,20,51.20796943,3,45
1757,x581,Ceftamin,Female,19,28,25,51.93528318,3,45
1758,x581,Ceftamin,Female,19,28,30,55.49282602,3,45
1759,x581,Ceftamin,Female,19,28,35,58.07758293,3,45
1760,x581,Ceftamin,Female,19,28,40,60.28040549,3,45
1761,x581,Ceftamin,Female,19,28,45,64.63494887,3,45
1762,x613,Zoniferol,Female,2,29,0,45,0,15
1763,x613,Zoniferol,Female,2,29,5,46.09704058,0,15
1764,x613,Zoniferol,Female,2,29,10,46.8181759,0,15
1765,x613,Zoniferol,Female,2,29,15,48.0776464,0,15
1766,x773,Placebo,Female,21,30,0,45,0,45
1767,x773,Placebo,Female,21,30,5,45.8508307,1,45
1768,x773,Placebo,Female,21,30,10,47.18920597,2,45
1769,x773,Placebo,Female,21,30,15,47.67123558,3,45
1770,x773,Placebo,Female,21,30,20,49.7397129,3,45
1771,x773,Placebo,Female,21,30,25,51.10442109,3,45
1772,x773,Placebo,Female,21,30,30,52.81311518,4,45
1773,x773,Placebo,Female,21,30,35,55.19273639,4,45
1774,x773,Placebo,Female,21,30,40,55.98767551,4,45
1775,x773,Placebo,Female,21,30,45,58.63497149,4,45
1776,x822,Ceftamin,Male,3,29,0,45,0,45
1777,x822,Ceftamin,Male,3,29,5,45.67110442,1,45
1778,x822,Ceftamin,Male,3,29,10,48.98371668,1,45
1779,x822,Ceftamin,Male,3,29,15,49.69466533,1,45
1780,x822,Ceftamin,Male,3,29,20,51.91490968,2,45
1781,x822,Ceftamin,Male,3,29,25,54.04133326,2,45
1782,x822,Ceftamin,Male,3,29,30,55.44515483,2,45
1783,x822,Ceftamin,Male,3,29,35,56.79656665,2,45
1784,x822,Ceftamin,Male,3,29,40,59.55568466,2,45
1785,x822,Ceftamin,Male,3,29,45,61.38666032,3,45
1786,x930,Naftisol,Male,13,26,0,45,0,25
1787,x930,Naftisol,Male,13,26,5,46.07823375,0,25
1788,x930,Naftisol,Male,13,26,10,50.26069441,0,25
1789,x930,Naftisol,Male,13,26,15,51.97376864,0,25
1790,x930,Naftisol,Male,13,26,20,52.55606575,0,25
1791,x930,Naftisol,Male,13,26,25,53.7261013,0,25
1792,y163,Infubinol,Female,17,27,0,45,0,45
1793,y163,Infubinol,Female,17,27,5,48.28497016,0,45
1794,y163,Infubinol,Female,17,27,10,49.1123991,1,45
1795,y163,Infubinol,Female,17,27,15,51.52306843,1,45
1796,y163,Infubinol,Female,17,27,20,54.57107607,1,45
1797,y163,Infubinol,Female,17,27,25,56.17638452,1,45
1798,y163,Infubinol,Female,17,27,30,59.41253724,2,45
1799,y163,Infubinol,Female,17,27,35,61.73019562,2,45
1800,y163,Infubinol,Female,17,27,40,63.62067958,2,45
1801,y163,Infubinol,Female,17,27,45,67.68556862,3,45
1802,y260,Ketapril,Female,7,25,0,45,0,45
1803,y260,Ketapril,Female,7,25,5,46.79983867,0,45
1804,y260,Ketapril,Female,7,25,10,48.08180678,1,45
1805,y260,Ketapril,Female,7,25,15,50.19615224,2,45
1806,y260,Ketapril,Female,7,25,20,50.72958174,3,45
1807,y260,Ketapril,Female,7,25,25,54.43756172,4,45
1808,y260,Ketapril,Female,7,25,30,58.58267634,4,45
1809,y260,Ketapril,Female,7,25,35,59.60355821,4,45
1810,y260,Ketapril,Female,7,25,40,60.91417627,4,45
1811,y260,Ketapril,Female,7,25,45,62.90944062,4,45
1812,y478,Placebo,Female,3,25,0,45,0,45
1813,y478,Placebo,Female,3,25,5,48.64107818,1,45
1814,y478,Placebo,Female,3,25,10,52.28893409,1,45
1815,y478,Placebo,Female,3,25,15,53.61040585,1,45
1816,y478,Placebo,Female,3,25,20,56.84885016,1,45
1817,y478,Placebo,Female,3,25,25,57.82697598,1,45
1818,y478,Placebo,Female,3,25,30,59.37461452,1,45
1819,y478,Placebo,Female,3,25,35,61.88802678,1,45
1820,y478,Placebo,Female,3,25,40,65.97112017,1,45
1821,y478,Placebo,Female,3,25,45,66.84263453,1,45
1822,y601,Naftisol,Female,23,25,0,45,0,5
1823,y601,Naftisol,Female,23,25,5,48.47500273,1,5
1824,y769,Ceftamin,Female,6,27,0,45,0,45
1825,y769,Ceftamin,Female,6,27,5,46.42265176,1,45
1826,y769,Ceftamin,Female,6,27,10,48.01516261,1,45
1827,y769,Ceftamin,Female,6,27,15,52.76102114,2,45
1828,y769,Ceftamin,Female,6,27,20,55.02572434,2,45
1829,y769,Ceftamin,Female,6,27,25,58.33595901,3,45
1830,y769,Ceftamin,Female,6,27,30,61.07194886,3,45
1831,y769,Ceftamin,Female,6,27,35,63.43063221,3,45
1832,y769,Ceftamin,Female,6,27,40,64.25102761,4,45
1833,y769,Ceftamin,Female,6,27,45,68.59474498,4,45
1834,y865,Ceftamin,Male,23,26,0,45,0,45
1835,y865,Ceftamin,Male,23,26,5,46.73500592,1,45
1836,y865,Ceftamin,Male,23,26,10,49.52273955,1,45
1837,y865,Ceftamin,Male,23,26,15,50.80651856,1,45
1838,y865,Ceftamin,Male,23,26,20,52.36198241,1,45
1839,y865,Ceftamin,Male,23,26,25,57.17353846,2,45
1840,y865,Ceftamin,Male,23,26,30,59.0332753,3,45
1841,y865,Ceftamin,Male,23,26,35,61.15313991,3,45
1842,y865,Ceftamin,Male,23,26,40,63.46954946,3,45
1843,y865,Ceftamin,Male,23,26,45,64.72983655,3,45
1844,z234,Naftisol,Female,19,27,0,45,0,5
1845,z234,Naftisol,Female,19,27,5,46.12935706,1,5
1846,z314,Stelasyn,Female,21,28,0,45,0,5
1847,z314,Stelasyn,Female,21,28,5,45.93471217,0,5
1848,z435,Propriva,Female,12,26,0,45,0,10
1849,z435,Propriva,Female,12,26,5,47.11597963,0,10
1850,z435,Propriva,Female,12,26,10,48.71066147,0,10
1851,z581,Infubinol,Female,24,25,0,45,0,45
1852,z581,Infubinol,Female,24,25,5,49.27309187,1,45
1853,z581,Infubinol,Female,24,25,10,50.47875016,2,45
1854,z581,Infubinol,Female,24,25,15,51.1963042,2,45
1855,z581,Infubinol,Female,24,25,20,51.80794416,2,45
1856,z581,Infubinol,Female,24,25,25,54.31640682,2,45
1857,z581,Infubinol,Female,24,25,30,56.28674991,2,45
1858,z581,Infubinol,Female,24,25,35,58.62839878,3,45
1859,z581,Infubinol,Female,24,25,40,60.05373963,3,45
1860,z581,Infubinol,Female,24,25,45,62.75445141,3,45
1861,z795,Naftisol,Female,13,29,0,45,0,45
1862,z795,Naftisol,Female,13,29,5,46.83347493,0,45
1863,z795,Naftisol,Female,13,29,10,48.0308039,0,45
1864,z795,Naftisol,Female,13,29,15,49.36813189,1,45
1865,z795,Naftisol,Female,13,29,20,53.28065717,1,45
1866,z795,Naftisol,Female,13,29,25,57.94709984,2,45
1867,z795,Naftisol,Female,13,29,30,59.7896359,2,45
1868,z795,Naftisol,Female,13,29,35,60.43565416,2,45
1869,z795,Naftisol,Female,13,29,40,62.37663884,3,45
1870,z795,Naftisol,Female,13,29,45,65.74107029,3,45
1871,z969,Naftisol,Male,9,30,0,45,0,45
1872,z969,Naftisol,Male,9,30,5,49.33299873,0,45
1873,z969,Naftisol,Male,9,30,10,52.65608148,1,45
1874,z969,Naftisol,Male,9,30,15,54.71300452,2,45
1875,z969,Naftisol,Male,9,30,20,57.89877823,2,45
1876,z969,Naftisol,Male,9,30,25,63.14565213,2,45
1877,z969,Naftisol,Male,9,30,30,65.84101274,3,45
1878,z969,Naftisol,Male,9,30,35,69.17624607,4,45
1879,z969,Naftisol,Male,9,30,40,70.31490411,4,45
1880,z969,Naftisol,Male,9,30,45,73.86784476,4,45
